id	name	formula	rt	smiles.std
np_1	Azetidine-2-carboxylic acid	C4H7NO2	0.6611	O=C(O)C1NCC1
np_4	Maltol	C6H6O3	3.9088	O=C1C(O)=C(C)OC=C1
np_6	cis-4-Hydroxy-L-proline	C5H9NO3	0.6542	O=C(O)[C@H](C1)NC[C@H]1O
np_8	Sesamol	C7H6O3	4.4976	OC1=CC=C(OCO2)C2=C1
np_9	Diallyl disulfide	C6H10S2	25.948	C=CCSSCC=C
np_10	Coumarin	C9H6O2	8.221	O=C1C=CC2=CC=CC=C2O1
np_11	4(3H)-Quinazolinone	C8H6N2O	4.9348	O=C1NC=NC2=C1C=CC=C2
np_12	Isatin	C8H5NO2	5.7605	O=C1NC2=C(C=CC=C2)C1=O
np_13	Indole-3-carbinol	C9H9NO	4.5531	OCC1=CNC2=C1C=CC=C2
np_18	5-Hydroxyoxindole	C8H7NO2	3.7085	O=C1NC2=C(C=C(O)C=C2)C1
np_19	4-Isopropylbenzyl alcohol	C10H14O	6.0339	OCC1=CC=C(C(C)C)C=C1
np_22	Xylitol	C5H12O5	0.6873	OC[C@@H](O)[C@H](O)[C@@H](O)CO
np_27	1-Methyl-6-oxo-1,6-dihydropyridine-3-carboxylic acid	C7H7NO3	3.3956	O=C(C(C=C1)=CN(C)C1=O)O
np_28	Hydroxytyrosol	C8H10O3	3.8205	OC1=CC=C(CCO)C=C1O
np_34	Daminozide	C6H12N2O3	1.1905	O=C(NN(C)C)CCC(O)=O
np_35	S-Allyl-L-cysteine	C6H11NO2S	1.7989	N[C@@H](CSCC=C)C(O)=O
np_37	7-Hydroxy-4H-chromen-4-one	C9H6O3	5.7044	O=C1C2=CC=C(O)C=C2OC=C1
np_38	p-Coumaric acid	C9H8O3	6.3233	O=C(O)/C=C/C1=CC=C(O)C=C1
np_39	Hinokitiol	C10H12O2	10.6148	O=C1C(O)=CC(C(C)C)=CC=C1
np_42	2,6-Dimethoxy-1,4-benzoquinone	C8H8O4	5.3258	O=C1C(OC)=CC(C=C1OC)=O
np_43	Methyl 3,4-dihydroxybenzoate	C8H8O4	6.3891	O=C(OC)C1=CC=C(O)C(O)=C1
np_44	Trigonelline (chloride)	C7H8ClNO2	0.7179	C[N+]1=CC(C(O)=O)=CC=C1.[Cl-]
np_45	L-Theanine	C7H14N2O3	0.7523	OC([C@@H](N)CCC(NCC)=O)=O
np_46	Gramine	C11H14N2	4.5433	CN(C)CC1=CNC2=C1C=CC=C2
np_47	Sulforaphene	C6H9NOS2	6.6486	O=S(/C=C/CCN=C=S)C
np_49	4-Methylumbelliferone	C10H8O3	7.7314	O=C1C=C(C)C2=CC=C(O)C=C2O1
np_52	Esculetin	C9H6O4	5.2525	O=C1C=CC2=CC(O)=C(O)C=C2O1
np_53	Daphnetin	C9H6O4	5.6562	O=C1C=CC2=CC=C(O)C(O)=C2O1
np_54	Methyl p-coumarate	C10H10O3	9.3514	O=C(OC)/C=C/C1=CC=C(O)C=C1
np_55	(E)-Methyl 4-coumarate	C10H10O3	9.3596	O=C(OC)/C=C/C1=CC=C(O)C=C1
np_57	Fructose	C6H12O6	0.6991	O[C@H]1[C@@H](O)[C@H](O)[C@@](O)(CO)OC1
np_58	Theophylline	C7H8N4O2	4.2388	O=C(N1C)N(C)C2=C(N=CN2)C1=O
np_63	Harmane	C12H10N2	5.9951	CC1=NC=CC2=C1NC3=C2C=CC=C3
np_64	Se-Methylselenocysteine	C4H9NO2Se	0.7994	OC([C@@H](N)C[Se]C)=O
np_65	Chelidonic acid	C7H4O6	1.259	O=C(C1=CC(C=C(C(O)=O)O1)=O)O
np_66	Methyl gallate	C8H8O5	4.8795	O=C(OC)C1=CC(O)=C(O)C(O)=C1
np_67	3-O-Methylgallic acid	C8H8O5	4.2484	O=C(O)C1=CC(OC)=C(O)C(O)=C1
np_68	Angelicin	C11H6O3	10.2229	O=C1C=CC2=CC=C(OC=C3)C3=C2O1
np_69	Psoralen	C11H6O3	9.9639	O=C1C=CC2=CC3=C(OC=C3)C=C2O1
np_72	Castanospermine	C8H15NO4	0.6957	O[C@@H]1[C@@H](O)[C@H](O)[C@]([C@@H](O)CC2)([H])N2C1
np_73	Cytisinicline	C11H14N2O	0.7422	O=C1N(C[C@@]2([H])C[C@]3([H])CNC2)C3=CC=C1
np_74	4-Methyldaphnetin	C10H8O4	6.7264	O=C1C=C(C)C2=CC=C(O)C(O)=C2O1
np_75	4-Methylesculetin	C10H8O4	6.2232	O=C1C=C(C)C2=CC(O)=C(O)C=C2O1
np_77	Senkyunolide A	C12H16O2	13.2192	O=C1O[C@@H](CCCC)C2=C1C=CCC2
np_79	Methyl caffeate	C10H10O4	7.998	O=C(OC)/C=C/C1=CC=C(O)C(O)=C1
np_81	Zingerone	C11H14O3	7.9014	COC1=C(O)C=CC(CCC(C)=O)=C1
np_82	Acridone	C13H9NO	8.8893	C1=C2C(=CC=C1)C(C3=C(N2)C=CC=C3)=O
np_84	Ethyl Orsellinate	C10H12O4	11.4492	O=C(OCC)C1=C(C)C=C(O)C=C1O
np_85	Atraric acid	C10H12O4	11.6435	O=C(OC)C1=C(C)C=C(O)C(C)=C1O
np_87	Bornyl acetate	C12H20O2	13.5748	CC1(C)[C@@]2(C)[C@H](OC(C)=O)C[C@]1([H])CC2
np_88	L-SelenoMethionine	C5H11NO2Se	1.267	O=C(O)[C@@H](N)CC[Se]C
np_89	Ethyl gallate	C9H10O5	6.3326	O=C(OCC)C1=CC(O)=C(O)C(O)=C1
np_90	Danshensu	C9H10O5	3.5103	OC1=C(C=CC(C[C@H](C(O)=O)O)=C1)O
np_91	Mimosine	C8H10N2O4	0.6947	OC([C@@H](N)CN1C=CC(C(O)=C1)=O)=O
np_93	Dictamine	C12H9NO2	11.1512	COC1=C2C(OC=C2)=NC3=CC=CC=C13
np_94	Camalexin	C11H8N2S	9.8913	C12=C(C=CC=C2)NC=C1C3=NC=CS3
np_95	Bergaptol	C11H6O4	8.9583	O=C1C=CC(C(O1)=C2)=C(O)C3=C2OC=C3
np_101	β-Bisabolene	C15H24	17.9011	C/C(C)=C\CCC([C@@H]1CC=C(C)CC1)=C
np_103	Citropten	C11H10O4	10.8624	O=C1OC2=C(C(OC)=CC(OC)=C2)C=C1
np_106	(E)-Ethyl p-methoxycinnamate	C12H14O3	13.8508	O=C(OCC)/C=C/C1=CC=C(OC)C=C1
np_107	Fraxetin	C10H8O5	5.8999	O=C1C=CC2=CC(OC)=C(O)C(O)=C2O1
np_108	Ferulic acid methyl ester	C11H12O4	9.7182	O=C(/C=C/C1=CC=C(C(OC)=C1)O)OC
np_109	Ethyl Caffeate	C11H12O4	9.3661	O=C(OCC)/C=C/C1=CC=C(O)C(O)=C1
np_110	trans-Chalcone	C15H12O	15.0866	O=C(C1=CC=CC=C1)/C=C/C2=CC=CC=C2
np_111	Elemicin	C12H16O3	12.9668	C=CCC1=CC(OC)=C(OC)C(OC)=C1
np_112	Pinosylvin	C14H12O2	11.4328	OC1=CC(/C=C/C2=CC=CC=C2)=CC(O)=C1
np_113	Harmine	C13H12N2O	6.7753	CC1=NC=CC2=C1NC3=C2C=CC(OC)=C3
np_115	Bergapten	C12H8O4	11.1492	O=C1C=CC2=C(OC)C3=C(OC=C3)C=C2O1
np_116	Methoxsalen	C12H8O4	10.3712	O=C1OC(C(C=C1)=C2)=C(OC)C3=C2C=CO3
np_117	ar-Turmerone	C15H20O	16.8443	CC1=CC=C(C=C1)[C@H](CC(/C=C(C)\C)=O)C
np_118	(-)-Securinine	C13H15NO2	0.7755	O=C(O1)C=C2[C@@]13[C@](CCCC4)([H])N4[C@](C3)([H])C=C2
np_119	Aristolone	C15H22O	14.8046	O=C1[C@]2([H])[C@](C2(C)C)([H])[C@@]3(C)[C@H](C)CCCC3=C1
np_120	(Rac)-Salvianic acid A (sodium)	C9H9NaO5	3.5355	OC1=C(O)C=CC(CC(C(O[Na])=O)O)=C1
np_121	Purpurogallin	C11H8O5	8.3904	O=C1C(O)=CC=CC2=CC(O)=C(O)C(O)=C21
np_122	Hispolon	C12H12O4	9.8514	CC(/C=C(O)/C=C/C1=CC(O)=C(C=C1)O)=O
np_124	Fraxinol	C11H10O5	7.4768	O=C1C=CC2=C(OC)C(O)=C(OC)C=C2O1
np_131	alpha-Bisabolol	C15H26O	17.9011	C/C(C)=C\CC[C@@](O)([C@@H]1CCC(C)=CC1)C
np_132	2-Hydroxyanthraquinone	C14H8O3	11.3929	OC1=CC2=C(C(C3=CC=CC=C3C2=O)=O)C=C1
np_135	Flavanone	C15H12O2	14.2677	O=C1CC(C2=CC=CC=C2)OC3=CC=CC=C13
np_136	Senkyunolide H	C12H16O4	8.4805	O=C1O/C(C2=C1[C@H](O)[C@H](O)CC2)=C\CCC
np_138	Sarracenin	C11H14O5	8.4934	O=C(C1=CO[C@]2([H])O[C@@]3([H])O[C@@H](C)[C@]2([H])[C@]1([H])C3)OC
np_139	Deoxylapachol	C15H14O2	18.9927	O=C1C(C/C=C(C)\C)=CC(C2=C1C=CC=C2)=O
np_141	1-Methyl-2-pentyl-4(1H)-quinolinone	C15H19NO	10.4704	O=C1C=C(CCCCC)N(C)C2=C1C=CC=C2
np_142	Visnagin	C13H10O4	9.8409	O=C1C=C(C)OC2=CC(OC=C3)=C3C(OC)=C12
np_143	Dihydroresveratrol	C14H14O3	8.456	OC1=CC(CCC2=CC=C(O)C=C2)=CC(O)=C1
np_144	Dehydrocostus Lactone	C15H18O2	15.2924	O=C(O[C@@]([C@@]1([H])C(CC[C@@]21[H])=C)([H])[C@@]3([H])CCC2=C)C3=C
np_145	Atractylenolide I	C15H18O2	16.5484	O=C1C(C)=C(C[C@@]23[H])C(O1)=C[C@@]3(C)CCCC2=C
np_146	Furanodienone	C15H18O2	15.5901	O=C1/C=C(C)/CC/C=C(C)/CC2=C1C(C)=CO2
np_147	Fraxinellone	C14H16O3	13.9803	O=C1O[C@@H](C2=COC=C2)[C@]3(C)CCCC(C)=C31
np_148	Atractylenolide II	C15H20O2	15.1826	O=C1C(C)=C(C[C@@]23[H])[C@@](C[C@@]3(C)CCCC2=C)([H])O1
np_149	Costunolide	C15H20O2	14.9774	O=C(O[C@@]1([H])[C@@]2([H])CC/C(C)=C/CC/C(C)=C/1)C2=C
np_150	Alantolactone	C15H20O2	15.7556	O=C(O[C@@]1([H])[C@]2([H])C=C3[C@@H](C)CCC[C@]3(C)C1)C2=C
np_151	Isoalantolactone	C15H20O2	15.5374	O=C(O[C@@](C[C@@]1(C)CCC2)([H])[C@]3([H])C[C@@]1([H])C2=C)C3=C
np_152	Aloperine	C15H24N2	0.7247	[H][C@]1(C2)[C@](CCCC3)([H])N3C[C@]2([H])[C@@]4([H])C(CCCN4)=C1
np_153	Curcumenol	C15H22O2	13.3672	C[C@@H]1[C@@](O[C@@]2(O)/C3=C(C)\C)(C3)[C@@](C(C)=C2)([H])CC1
np_155	Dimethylfraxetin	C12H12O5	9.201	O=C1C=CC2=CC(OC)=C(OC)C(OC)=C2O1
np_156	Curcumol	C15H24O2	15.9925	O[C@@]1(C2)[C@H](C(C)C)C[C@]3(O1)[C@@H](C)CC[C@@]3([H])C2=C
np_157	Curdione	C15H24O2	14.549	O=C1C[C@@H](C(C)C)C(C/C(C)=C/CC[C@@H]1C)=O
np_160	Anethole trithione	C10H8OS3	15.0591	S=C1SSC(C2=CC=C(OC)C=C2)=C1
np_164	Lapachol	C15H14O3	14.8253	O=C(C(CC=C(C)C)=C1O)C2=CC=CC=C2C1=O
np_165	β-Lapachone	C15H14O3	12.8285	O=C(C1=C2OC(C)(C)CC1)C(C3=C2C=CC=C3)=O
np_166	13-Methyltetradecanoic acid	C15H30O2	20.4288	CC(C)CCCCCCCCCCCC(O)=O
np_167	Methyl myristate	C15H30O2	11.0325	CCCCCCCCCCCCCC(=O)OC
np_168	Piceatannol	C14H12O4	7.2266	OC1=CC=C(/C=C/C2=CC(O)=CC(O)=C2)C=C1O
np_170	Osthole	C15H16O3	14.8039	O=C1C=CC2=CC=C(OC)C(C/C=C(C)\C)=C2O1
np_171	Batatasin III	C15H16O3	11.1008	OC1=CC(OC)=CC(CCC2=CC=CC(O)=C2)=C1
np_172	Isolinderalactone	C15H16O3	14.2126	C=C[C@@]1([C@]2([H])[C@](OC(C2=C)=O)([H])C3=C(OC=C3C)C1)C
np_173	Linderalactone	C15H16O3	13.0636	O=C1C2=C[C@@](C3=C(OC=C3C)C/C(C)=C/CC2)([H])O1
np_174	Isopimpinellin	C13H10O5	11.2348	O=C1C=CC2=C(OC)C3=C(OC=C3)C(OC)=C2O1
np_176	Pimpinellin	C13H10O5	11.7106	O=C(C=C1)OC2=C1C(OC)=C(OC)C3=C2C=CO3
np_177	Decursinol	C14H14O4	9.0187	O=C(O1)C=CC(C1=C2)=CC3=C2OC(C)(C)[C@@H](O)C3
np_179	Ellipticine	C17H14N2	8.4035	CC1=C(C=NC=C2)C2=C(C)C(N3)=C1C4=C3C=CC=C4
np_180	8-Epixanthatin	C15H18O3	10.8248	C=C1[C@](CC=C2/C=C/C(C)=O)([H])[C@@](OC1=O)([H])C[C@@H]2C
np_182	Forchlorfenuron	C12H10ClN3O	10.9326	O=C(NC1=CC=CC=C1)NC2=CC(Cl)=NC=C2
np_186	Atractylenolide III	C15H20O3	13.1788	O=C1C(C)=C(C[C@@]23[H])[C@@](C[C@@]3(C)CCCC2=C)(O)O1
np_189	Matrine	C15H24N2O	3.3064	O=C1CCC[C@]2([H])[C@@]3([H])CCCN4[C@@]3([H])[C@](CCC4)([H])CN21
np_190	9-Methoxycanthin-6-one	C15H10N2O2	10.3944	O=C1N2C3=C(N=CC=C3C4=C2C=C(OC)C=C4)C=C1
np_191	Dehydroeffusol	C17H14O2	12.0818	OC1=CC=C2C3=C(C=C)C=C(O)C=C3C=CC2=C1C
np_193	Cordycepin	C10H13N5O3	0.7346	OC[C@@H]1C[C@@H](O)[C@H](N2C=NC3=C2N=CN=C3N)O1
np_195	Daidzein	C15H10O4	8.6357	O=C1C(C2=CC=C(O)C=C2)=COC3=CC(O)=CC=C13
np_196	Chrysin	C15H10O4	12.3631	OC1=C2C(OC(C3=CC=CC=C3)=CC2=O)=CC(O)=C1
np_197	3,6-Dihydroxyflavone	C15H10O4	11.9297	O=C1C(O)=C(C2=CC=CC=C2)OC3=CC=C(O)C=C13
np_200	Nicotinic acid riboside	C11H13NO6	0.7442	[O-]C(C1=C[N+]([C@@H]2O[C@@H]([C@H]([C@H]2O)O)CO)=CC=C1)=O
np_201	Pinocembrin	C15H12O4	12.5625	O=C1C[C@@H](C2=CC=CC=C2)OC3=CC(O)=CC(O)=C13
np_202	Isoliquiritigenin	C15H12O4	10.9365	O=C(C1=CC=C(O)C=C1O)/C=C/C2=CC=C(O)C=C2
np_203	Liquiritigenin	C15H12O4	8.7797	O=C1C[C@@H](C2=CC=C(O)C=C2)OC3=CC(O)=CC=C13
np_204	Pterostilbene	C16H16O3	13.6209	OC1=CC=C(/C=C/C2=CC(OC)=CC(OC)=C2)C=C1
np_206	Rhapontigenin	C15H14O4	8.9251	OC1=CC(/C=C/C2=CC=C(OC)C(O)=C2)=CC(O)=C1
np_208	Murrayone	C15H14O4	11.2763	O=C1C=CC2=CC=C(OC)C(CC(C(C)=C)=O)=C2O1
np_209	Skimmianine	C14H13NO4	10.2843	COC1=C2N=C(OC=C3)C3=C(OC)C2=CC=C1OC
np_213	Indirubin	C16H10N2O2	13.5275	O=C1NC2=C(C=CC=C2)/C1=C3NC4=C(C=CC=C4)C\3=O
np_214	Oxysophocarpine	C15H22N2O2	3.7134	O=C1C=CC[C@]2([H])[C@@]3([H])CCC[N@@+]4([O-])[C@@]3([H])[C@](CCC4)([H])CN21
np_215	Sophocarpine (monohydrate)	C15H24N2O2	3.4983	O=C1N(C[C@@]2([H])[C@@]3([H])[C@]4([H])CCCN3CCC2)[C@]4([H])CC=C1.O
np_216	Oxymatrine	C15H24N2O2	3.7891	O=C1CCC[C@]2([H])[C@@]3([H])CCC[N@@+]4([O-])[C@@]3([H])[C@](CCC4)([H])CN21
np_217	Honokiol	C18H18O2	14.5901	OC1=C(CC=C)C=C(C2=CC(CC=C)=CC=C2O)C=C1
np_218	Magnolol	C18H18O2	15.5531	OC1=CC=C(CC=C)C=C1C2=CC(CC=C)=CC=C2O
np_220	Formononetin	C16H12O4	11.1966	O=C1C(C2=CC=C(OC)C=C2)=COC3=CC(O)=CC=C13
np_221	Emodin	C15H10O5	14.2084	O=C1C2=C(C=C(C)C=C2O)C(C3=CC(O)=CC(O)=C31)=O
np_223	Aloe emodin	C15H10O5	11.6914	O=C1C2=C(C=CC=C2O)C(C3=CC(CO)=CC(O)=C13)=O
np_224	Apigenin	C15H10O5	10.0129	OC1=C2C(OC(C3=CC=C(O)C=C3)=CC2=O)=CC(O)=C1
np_225	Baicalein	C15H10O5	10.5956	O=C1C=C(C2=CC=CC=C2)OC3=CC(O)=C(O)C(O)=C13
np_226	Genistein	C15H10O5	10.0046	OC1=C2C(OC=C(C3=CC=C(O)C=C3)C2=O)=CC(O)=C1
np_227	Lucidin	C15H10O5	10.9189	O=C1C2=C(C=CC=C2)C(C3=CC(O)=C(CO)C(O)=C13)=O
np_230	(E)-Cardamonin	C16H14O4	14.1234	O=C(C1=C(OC)C=C(O)C=C1O)/C=C/C2=CC=CC=C2
np_231	Alpinetin	C16H14O4	10.3658	O=C1C[C@@H](C2=CC=CC=C2)OC3=CC(O)=CC(OC)=C13
np_232	Pinostrobin chalcone	C16H14O4	14.3378	O=C(C1=C(C=C(OC)C=C1O)O)/C=C/C2=CC=CC=C2
np_233	Medicarpin	C16H14O4	12.1525	OC1=CC=C2[C@@](OC3=CC(OC)=CC=C34)([H])[C@@]4([H])COC2=C1
np_237	trans-Trimethoxyresveratrol	C17H18O3	16.5255	COC1=CC=C(/C=C/C2=CC(OC)=CC(OC)=C2)C=C1
np_238	Butein	C15H12O5	9.779	OC1=CC=C(C(/C=C/C2=CC(O)=C(O)C=C2)=O)C(O)=C1
np_240	Dihydrobaicalein	C15H12O5	10.7393	O=C1CC(C2=CC=CC=C2)OC3=CC(O)=C(O)C(O)=C13
np_241	Alpha-Naphthoflavone	C19H12O2	15.3538	O=C1C=C(C2=CC=CC=C2)OC3=C1C=CC4=CC=CC=C43
np_242	Arbutin	C12H16O7	1.9532	O[C@H]([C@H]([C@@H]([C@@H](CO)O1)O)O)[C@@H]1OC2=CC=C(O)C=C2
np_243	Loureirin C	C16H16O4	9.9972	O=C(C1=CC=C(O)C=C1)CCC2=C(C=C(O)C=C2)OC
np_244	3'-Hydroxypterostilbene	C16H16O4	12.2717	COC1=CC(/C=C/C2=CC=C(O)C(O)=C2)=CC(OC)=C1
np_245	Deoxyshikonin	C16H16O4	4.7524	O=C1C(CC/C=C(C)/C)=CC(C2=C1C(O)=CC=C2O)=O
np_246	Piperlonguminine	C16H19NO3	12.781	O=C(NCC(C)C)/C=C/C=C/C1=CC=C(OCO2)C2=C1
np_247	Bellidifolin	C14H10O6	13.0014	O=C1C2=C(OC3=C1C(O)=CC=C3O)C=C(OC)C=C2O
np_249	Toddaculin	C16H18O4	15.8296	O=C1C=CC2=C(OC)C(C/C=C(C)\C)=C(OC)C=C2O1
np_250	Tanshinone I	C18H12O3	16.2729	O=C(C1=C2C=CC3=C1C=CC=C3C)C(C4=C2OC=C4C)=O
np_252	Shogaol	C17H24O3	15.3892	OC1=C(OC)C=C(CCC(/C=C/CCCCC)=O)C=C1
np_253	Santacruzamate A	C15H22N2O3	9.6119	O=C(OCC)NCCCC(NCCC1=CC=CC=C1)=O
np_254	Paradol	C17H26O3	16.3422	COC1=C(O)C=CC(CCC(CCCCCCC)=O)=C1
np_255	Graveoline	C17H13NO3	9.7496	O=C1C=C(C2=CC=C(OCO3)C3=C2)N(C)C4=C1C=CC=C4
np_256	Roemerine	C18H17NO2	8.1431	CN1CCC(C2=C3C4=CC=CC=C4C[C@@]12[H])=CC5=C3OCO5
np_258	4-O-Methyl honokiol	C19H20O2	17.1796	OC1=CC=C(CC=C)C=C1C2=CC=C(OC)C(CC=C)=C2
np_260	5,7-Dimethoxyflavone	C17H14O4	12.1627	O=C1C=C(C2=CC=CC=C2)OC3=CC(OC)=CC(OC)=C13
np_261	3',4'-Dimethoxyflavone	C17H14O4	12.0503	O=C1C=C(C2=CC=C(OC)C(OC)=C2)OC3=CC=CC=C13
np_263	Artemisinin	C15H22O5	14.0354	O=C1[C@H](C)[C@]2([H])CC[C@@H](C)[C@]3([H])CC[C@@](O4)(C)OO[C@]32[C@]4([H])O1
np_264	Crotonoside	C10H13N5O5	0.7348	OC[C@@H]1[C@H]([C@H]([C@H](N2C=NC(C(N)=N3)=C2NC3=O)O1)O)O
np_266	Wogonin	C16H12O5	12.3156	O=C1C=C(C2=CC=CC=C2)OC3=C(OC)C(O)=CC(O)=C13
np_267	Oroxylin A	C16H12O5	12.7094	O=C1C=C(C2=CC=CC=C2)OC3=CC(O)=C(OC)C(O)=C13
np_268	Acacetin	C16H12O5	12.4825	O=C1C=C(C2=CC=C(OC)C=C2)OC3=CC(O)=CC(O)=C13
np_269	Obtusifolin	C16H12O5	13.5613	O=C1C2=C(C=CC=C2O)C(C3=CC(C)=C(O)C(OC)=C13)=O
np_270	Calycosin	C16H12O5	9.1235	O=C1C(C2=CC=C(OC)C(O)=C2)=COC3=CC(O)=CC=C13
np_272	Mollugin	C17H16O4	18.6438	O=C(C1=C(C=CC(C)(C)O2)C2=C3C=CC=CC3=C1O)OC
np_273	Flavokawain B	C17H16O4	16.873	O=C(C1=C(OC)C=C(OC)C=C1O)/C=C/C2=CC=CC=C2
np_274	N-Benzoyl-(2R,3S)-3-phenylisoserine	C16H15NO4	8.4676	O=C(C1=CC=CC=C1)N[C@](C2=CC=CC=C2)([H])[C@@H](O)C(O)=O
np_275	Letrozole	C17H11N5	10.3678	N#CC1=CC=C(C(N2C=NC=N2)C3=CC=C(C#N)C=C3)C=C1
np_276	Piperine	C17H19NO3	13.3188	O=C(N1CCCCC1)/C=C/C=C/C2=CC=C(OCO3)C3=C2
np_277	Scutellarein	C15H10O6	8.3122	O=C1C=C(C2=CC=C(O)C=C2)OC3=CC(O)=C(O)C(O)=C13
np_278	Luteolin	C15H10O6	9.029	O=C1C=C(C2=CC=C(O)C(O)=C2)OC3=CC(O)=CC(O)=C13
np_279	Fisetin	C15H10O6	7.9233	O=C1C(O)=C(C2=CC=C(O)C(O)=C2)OC3=CC(O)=CC=C13
np_280	Kaempferol	C15H10O6	10.1958	OC1=C2C(OC(C3=CC=C(O)C=C3)=C(O)C2=O)=CC(O)=C1
np_281	Norartocarpetin	C15H10O6	9.0929	O=C1C=C(C2=CC=C(O)C=C2O)OC3=CC(O)=CC(O)=C13
np_283	Pangelin	C16H14O5	11.587	O=C1C=CC2=C(OC[C@H](O)C(C)=C)C3=C(OC=C3)C=C2O1
np_284	Brazilin	C16H14O5	5.4671	OC1=CC=C([C@]2([H])[C@](CC3=C2C=C(O)C(O)=C3)(O)CO4)C4=C1
np_285	Helichrysetin	C16H14O5	11.1926	O=C(C1=C(OC)C=C(O)C=C1O)/C=C/C2=CC=C(O)C=C2
np_286	Salicin	C13H18O7	4.1508	O[C@H]([C@H]([C@@H]([C@@H](CO)O1)O)O)[C@@H]1OC2=CC=CC=C2CO
np_287	Rutaecarpine	C18H13N3O	13.496	O=C1N2C(C(NC3=C4C=CC=C3)=C4CC2)=NC5=C1C=CC=C5
np_288	Lycorine	C16H17NO4	3.0739	O[C@@H]1[C@@H](O)C=C(CC2)[C@@]3([H])N2CC4=C([C@@]31[H])C=C(OCO5)C5=C4
np_289	Isookanin	C15H12O6	6.6357	O=C1C[C@@H](C2=CC=C(O)C(O)=C2)OC3=C(O)C(O)=CC=C13
np_290	Shikonin	C16H16O5	14.1094	O=C1C([C@H](O)C/C=C(C)/C)=CC(C2=C1C(O)=CC=C2O)=O
np_291	Tetrahydropiperine	C17H23NO3	13.6817	O=C(N1CCCCC1)CCCCC2=CC=C(OCO3)C3=C2
np_292	(±)-Catechin	C15H14O6	4.9149	O[C@@H]1[C@H](OC2=CC(O)=CC(O)=C2C1)C3=CC=C(C(O)=C3)O
np_294	Catechin	C15H14O6	4.9159	O[C@@H]1[C@@H](C2=CC(O)=C(O)C=C2)OC3=CC(O)=CC(O)=C3C1
np_295	Manool	C20H34O	21.6162	CC(CCC1)(C)[C@]([C@@]1(C)[C@H]2CC[C@](O)(C)C=C)([H])CCC2=C
np_296	Karanjin	C18H12O4	14.7245	O=C1C2=CC=C(OC=C3)C3=C2OC(C4=CC=CC=C4)=C1OC
np_297	Cinchonine	C19H22N2O	5.0185	O[C@@H](C1=CC=NC2=CC=CC=C12)[C@]3([H])[N@@]4C[C@H](C=C)[C@@H](CC4)C3
np_299	Embelin	C17H26O4	18.9826	O=C1C(O)=C(CCCCCCCCCCC)C(C(O)=C1)=O
np_304	Demethylwedelolactone	C15H8O7	7.5158	O=C1C2=C(OC3=CC(O)=C(O)C=C32)C4=C(O)C=C(O)C=C4O1
np_305	Diosmetin	C16H12O6	10.337	O=C1C=C(C2=CC=C(OC)C(O)=C2)OC3=CC(O)=CC(O)=C13
np_306	Hispidulin	C16H12O6	10.2138	O=C1C=C(C2=CC=C(O)C=C2)OC3=CC(O)=C(OC)C(O)=C13
np_307	Kaempferide	C16H12O6	12.7787	O=C1C(O)=C(C2=CC=C(OC)C=C2)OC3=CC(O)=CC(O)=C13
np_308	Tectorigenin	C16H12O6	10.1488	O=C1C(C2=CC=C(O)C=C2)=COC3=CC(O)=C(OC)C(O)=C13
np_310	Flavokawain C	C17H16O5	13.8401	O=C(C1=C(OC)C=C(OC)C=C1O)/C=C/C2=CC=C(O)C=C2
np_311	Farrerol	C17H16O5	12.0071	O=C1C[C@@H](C2=CC=C(O)C=C2)OC3=C(C)C(O)=C(C)C(O)=C13
np_312	Salidroside	C14H20O7	4.378	O[C@H]([C@H]([C@@H]([C@@H](CO)O1)O)O)[C@@H]1OCCC2=CC=C(O)C=C2
np_313	9-Hydroxyoctadecanoic acid	C18H36O3	18.2692	O=C(CCCCCCCC(CCCCCCCCC)O)O
np_314	Quercetin	C15H10O7	9.0508	OC1=C(C2=CC=C(O)C(O)=C2)OC3=CC(O)=CC(O)=C3C1=O
np_315	Morin	C15H10O7	9.0643	O=C1C(O)=C(C2=CC=C(O)C=C2O)OC3=CC(O)=CC(O)=C13
np_316	Herbacetin	C15H10O7	8.6825	O=C1C(O)=C(C2=CC=C(O)C=C2)OC3=C(O)C(O)=CC(O)=C13
np_319	Abietic acid	C20H30O2	19.8665	C[C@@]1(C2[C@@](CCC1)(C)[C@@]3([H])CCC(C(C)C)=CC3=CC2)C(O)=O
np_321	Evodiamine	C19H17N3O	13.1079	O=C1C2=CC=CC=C2N(C)[C@](N1CC3)([H])C4=C3C5=CC=CC=C5N4
np_322	(±)-Evodiamine	C19H17N3O	13.112	O=C1C2=CC=CC=C2N(C)C(N1CC3)C4=C3C5=CC=CC=C5N4
np_324	(-)-Oxypeucedanin hydrate	C16H16O6	9.0915	O=C1C=CC2=C(OC[C@H](O)C(C)(O)C)C3=C(OC=C3)C=C2O1
np_325	Protosappanin B	C16H16O6	5.4865	OC1=CC=C2C(OC[C@@](O)(CO)CC3=CC(O)=C(O)C=C23)=C1
np_326	Bigelovin	C17H20O5	10.4885	C[C@@]12C(C=C[C@]1([C@@H](C[C@]3([C@H]([C@@H]2OC(C)=O)C(C(O3)=O)=C)[H])C)[H])=O
np_327	[8]-Shogaol	C19H28O3	17.5906	CCCCCCC/C=C/C(CCC1=CC=C(O)C(OC)=C1)=O
np_329	(-)-Epigallocatechin	C15H14O7	4.6157	O[C@H]1[C@@H](C2=CC(O)=C(O)C(O)=C2)OC3=CC(O)=CC(O)=C3C1
np_330	(+)-Gallocatechin	C15H14O7	3.7296	O[C@@H]1[C@@H](C2=CC(O)=C(O)C(O)=C2)OC3=CC(O)=CC(O)=C3C1
np_331	(-)-Gallocatechin	C15H14O7	3.7277	O[C@H]1[C@H](C2=CC(O)=C(O)C(O)=C2)OC3=CC(O)=CC(O)=C3C1
np_336	(E,E)-Bisdemethoxycurcumin	C19H16O4	13.0476	O=C(CC(/C=C/C1=CC=C(O)C=C1)=O)/C=C/C2=CC=C(O)C=C2
np_337	Inulicin	C17H24O5	9.5825	O[C@H]1[C@@](C2=C)([H])[C@@](OC2=O)([H])CC(C)=C1[C@@H](C)CCCOC(C)=O
np_339	Sinapine	C16H24NO5+	21.5448	O=C(OCC[N+](C)(C)C)/C=C/C1=CC(OC)=C(O)C(OC)=C1
np_340	Aristolochic acid B	C16H9NO6	12.6605	O=C(C1=C2C([N+]([O-])=O)=CC3=CC=CC=C3C2=C(OCO4)C4=C1)O
np_341	Moringin	C14H17NO5S	9.9551	O[C@H]([C@@H]([C@H]1O)O)[C@@H](O[C@H]1C)OC(C=C2)=CC=C2CN=C=S
np_342	Leonurine	C14H21N3O5	6.0939	O=C(OCCCCNC(N)=N)C1=CC(OC)=C(O)C(OC)=C1
np_346	Yakuchinone A	C20H24O3	15.3512	O=C(CCCCC1=CC=CC=C1)CCC2=CC=C(O)C(OC)=C2
np_348	Guggulsterone	C21H28O2	15.588	C[C@@]1(/C2=C/C)[C@](CC2=O)([H])[C@@]3([H])[C@]([C@@]4(C(CC3)=CC(CC4)=O)C)([H])CC1
np_349	Wedelolactone	C16H10O7	9.3154	O=C1C2=C(OC3=CC(O)=C(O)C=C32)C4=C(O)C=C(OC)C=C4O1
np_350	Irisolidone	C17H14O6	13.1261	O=C1C(C2=CC=C(OC)C=C2)=COC3=CC(O)=C(OC)C(O)=C13
np_351	Flavokawain A	C18H18O5	16.6561	O=C(C1=C(OC)C=C(OC)C=C1O)/C=C/C2=CC=C(OC)C=C2
np_352	Cephalotaxine	C18H21NO4	4.1507	O[C@H]1[C@](C(C=C(OCO2)C2=C3)=C3CCN4CCC5)([H])[C@]45C=C1OC
np_353	Isorhamnetin	C16H12O7	10.4217	O=C1C(O)=C(C2=CC=C(O)C(OC)=C2)OC3=CC(O)=CC(O)=C13
np_354	Persicogenin	C17H16O6	12.8079	O=C1C[C@@H](C2=CC=C(OC)C(O)=C2)OC3=CC(OC)=CC(O)=C13
np_355	Combretastatin A4	C18H20O5	13.1548	OC1=CC(/C=C\C2=CC(OC)=C(OC)C(OC)=C2)=CC=C1OC
np_356	Cafestol	C20H28O3	13.8736	C[C@]12[C@@]3([H])[C@@]4(CC[C@]1([H])C5=C(OC=C5)CC2)C[C@@]([C@](CO)(O)C4)([H])CC3
np_357	Piperlongumine	C17H19NO5	11.5218	O=C1C=CCCN1C(/C=C/C2=CC(OC)=C(OC)C(OC)=C2)=O
np_358	Quercetagetin	C15H10O8	7.4016	O=C1C(O)=C(C2=CC=C(O)C(O)=C2)OC3=CC(O)=C(O)C(O)=C13
np_359	3'-​O-​Acetylhamaudol	C17H18O6	14.1899	OC1=C(C[C@H](OC(C)=O)C(C)(C)O2)C2=CC(OC(C)=C3)=C1C3=O
np_360	Erianin	C18H22O5	12.7799	OC1=CC(CCC2=CC(OC)=C(OC)C(OC)=C2)=CC=C1OC
np_362	Dihydromyricetin	C15H12O8	5.7323	O=C1[C@H](O)[C@@H](C2=CC(O)=C(O)C(O)=C2)OC3=CC(O)=CC(O)=C13
np_363	Corylin	C20H16O4	14.0088	O=C1C(C2=CC=C3C(C=CC(C)(C)O3)=C2)=COC4=CC(O)=CC=C14
np_364	5-Pentadecylresorcinol	C21H36O2	21.8669	OC1=CC(O)=CC(CCCCCCCCCCCCCCC)=C1
np_365	Leelamine (hydrochloride)	C20H32ClN	19.1184	NC[C@]1(C)CCC[C@]2(C)C3=C(CC[C@@]12[H])C=C(C(C)C)C=C3.Cl
np_367	Groenlandicine	C19H16NO4+	18.0286	COC1=CC2=C(C=C1O)CC[N+]3=CC4=C(C=CC5=C4OCO5)C=C23
np_369	Neobavaisoflavone	C20H18O4	12.8909	O=C1C(C2=CC=C(O)C(C/C=C(C)\C)=C2)=COC3=CC(O)=CC=C13
np_371	Rapanone	C19H30O4	20.8871	O=C1C(O)=C(CCCCCCCCCCCCC)C(C(O)=C1)=O
np_374	Isobavachalcone	C20H20O4	15.3084	O=C(/C=C/C1=CC=C(C=C1)O)C2=CC=C(C(C/C=C(C)\C)=C2O)O
np_375	Glabridin	C20H20O4	14.5215	OC1=CC=C([C@H]2CC3=CC=C4C(C=CC(C)(C)O4)=C3OC2)C(O)=C1
np_376	Bavachalcone	C20H20O4	14.2416	O=C(C1=CC(C/C=C(C)\C)=C(O)C=C1O)/C=C/C2=CC=C(O)C=C2
np_378	Bindarit	C19H20N2O3	13.3024	CC(OCC1=NN(CC2=CC=CC=C2)C3=C1C=CC=C3)(C)C(O)=O
np_379	Monocrotaline	C16H23NO6	3.4128	O=C(O[C@]1([H])CCN2[C@]1([H])C(CO3)=CC2)[C@H](C)[C@@](C)(O)[C@@](C)(O)C3=O
np_380	Moracin P	C19H18O5	10.3971	O[C@@H]1CC2=C(OC1(C)C)C=C(OC(C3=CC(O)=CC(O)=C3)=C4)C4=C2
np_381	Moracin O	C19H18O5	10.4675	CC(O)([C@H]1CC2=CC(C=C(C3=CC(O)=CC(O)=C3)O4)=C4C=C2O1)C
np_382	Bergenin	C14H16O9	4.5989	OC1=C(OC)C(O)=C([C@@]2([H])[C@@](OC3=O)([H])[C@@H](O)[C@H](O)[C@@H](CO)O2)C3=C1
np_385	Columbianadin	C19H20O5	15.608	C/C=C(C)\C(OC(C)([C@@H]1CC2=C(O3)C(C=CC3=O)=CC=C2O1)C)=O
np_386	Decursinol angelate	C19H20O5	15.2249	C/C=C(C)\C(O[C@H]1CC(C=C(C=CC(O2)=O)C2=C3)=C3OC1(C)C)=O
np_389	N-​Feruloyloctopamine	C18H19NO5	7.0672	O=C(NCC(O)C1=CC=C(O)C=C1)/C=C/C2=CC=C(O)C(OC)=C2
np_391	Jaceosidin	C17H14O7	10.5081	O=C1C=C(C2=CC=C(O)C(OC)=C2)OC3=CC(O)=C(OC)C(O)=C13
np_392	Tricin	C17H14O7	10.2561	O=C1C=C(C2=CC(OC)=C(O)C(OC)=C2)OC3=CC(O)=CC(O)=C13
np_395	Picrocrocin	C16H26O7	6.0496	OC[C@H]([C@@H](O)[C@H](O)[C@H]1O)O[C@@]1([H])O[C@H]2CC(C)(C(C=O)=C(C)C2)C
np_396	meso-Dihydroguaiaretic acid	C20H26O4	14.9633	COC1=C(O)C=CC(C[C@@H](C)[C@@H](C)CC2=CC(OC)=C(O)C=C2)=C1
np_397	1-Monopalmitin	C19H38O4	20.4538	OC(CO)COC(CCCCCCCCCCCCCCC)=O
np_398	Arnicolide D	C19H24O5	12.2857	CC(C(O[C@H]1[C@@]([C@@H]2C)([H])[C@@](OC2=O)([H])C[C@@H](C)[C@@]3([H])[C@]1(C(C=C3)=O)C)=O)=C
np_399	Glaucocalyxin A	C20H28O4	10.0164	CC1(C)C(CC[C@@]2(C)[C@@]3([H])[C@@]4(C(C([C@H](CC3)[C@H]4O)=C)=O)[C@H](O)C[C@]12[H])=O
np_401	14-Deoxy-11,12-didehydroandrographolide	C20H28O4	11.5962	O=C1OCC=C1/C=C/[C@@H]2C(CC[C@]3([H])[C@](C)(CO)[C@H](O)CC[C@@]23C)=C
np_403	Seneciphylline	C18H23NO5	5.4905	O=C(O[C@]1([H])CCN2[C@]1([H])C(COC([C@](C)(O)C(C/3)=C)=O)=CC2)C3=C/C
np_404	Lathyrol	C20H30O4	13.0174	O[C@@]1(C(/C(C)=C\[C@@H](C2(C)C)[C@@H]2CCC3=C)=O)[C@]([C@H]3O)([H])[C@@H](O)[C@@H](C)C1
np_405	8-Oxocoptisine	C19H13NO5	12.6857	O=C1N2C(C3=CC(OCO4)=C4C=C3CC2)=CC5=CC=C6C(OCO6)=C15
np_406	5-O-Caffeoylshikimic acid	C16H16O8	5.7752	O=C(C1=C[C@@H](O)[C@@H](O)[C@H](OC(/C=C/C2=CC=C(O)C(O)=C2)=O)C1)O
np_407	Psoralidin	C20H16O5	14.3359	C/C(C)=C\CC1=C(C=C2OC(C3=C(C2=C1)OC4=C3C=CC(O)=C4)=O)O
np_408	Catharanthine	C21H24N2O2	8.4252	O=C([C@@]12C3=C(CC[N@](C4)[C@]1([H])C(CC)=C[C@@]4([H])C2)C5=CC=CC=C5N3)OC
np_411	2-O-β-D-Glucopyranosyl-L-ascorbic acid	C12H18O11	0.7476	OC([C@H](O1)[C@H](CO)O)=C(O[C@H]2[C@@H]([C@H]([C@@H]([C@@H](CO)O2)O)O)O)C1=O
np_413	Wighteone	C20H18O5	14.3684	OC1=C(C2=O)C(OC=C2C3=CC=C(C=C3)O)=CC(O)=C1C/C=C(C)/C
np_415	8-Geranyloxypsoralen	C21H22O4	18.0487	O=C1C=CC2=CC3=C(OC=C3)C(OC/C=C(C)/CC/C=C(C)/C)=C2O1
np_416	Bergamottin	C21H22O4	19.0852	O=C1C=CC2=C(OC/C=C(C)/CC/C=C(C)/C)C3=C(OC=C3)C=C2O1
np_417	Coronaridine	C21H26N2O2	8.5585	COC([C@]12[C@@]3([H])[N@@](CCC4=C2NC5=CC=CC=C45)C[C@@](C[C@@H]3CC)([H])C1)=O
np_418	Crebanine	C20H21NO4	8.446	CN1CCC(C2=C3C4=CC=C(OC)C(OC)=C4C[C@@]12[H])=CC5=C3OCO5
np_419	Evocarpine	C23H33NO	18.3638	O=C1C=C(CCCCCCC/C=C\CCCC)N(C)C2=C1C=CC=C2
np_420	Esculin	C15H16O9	4.4829	O=C1C=CC2=CC(O[C@H]3[C@@H]([C@H]([C@@H]([C@@H](CO)O3)O)O)O)=C(O)C=C2O1
np_421	(-)-Zuonin A	C20H20O5	9.4607	C[C@H]1[C@@H](C)[C@@H](C2=CC=C(OCO3)C3=C2)O[C@@H]1C4=CC=C(OCO5)C5=C4
np_422	Aristolochic acid A	C17H11NO7	13.2114	OC(C1=CC2=C(OCO2)C3=C4C(C(OC)=CC=C4)=CC([N+]([O-])=O)=C31)=O
np_424	Dihydroevocarpine	C23H35NO	19.9579	O=C1C=C(CCCCCCCCCCCCC)N(C)C2=C1C=CC=C2
np_427	Lepidiline C	C20H23ClN2O	15.3136	CC1=C(N(C=[N+]1CC2=CC=CC=C2)CC3=CC=CC(OC)=C3)C.[Cl-]
np_430	Eupatilin	C18H16O7	11.9266	O=C1C=C(C2=CC=C(OC)C(OC)=C2)OC3=CC(O)=C(OC)C(O)=C13
np_431	(+)-Usnic acid	C18H16O7	18.0401	O=C([C@@]1(C)C(OC2=C(C(C)=O)C(O)=C(C)C(O)=C12)=C3)C(C(C)=O)C3=O
np_432	Usnic acid	C18H16O7	18.0286	O=C(C1(C)C(OC2=C(C(C)=O)C(O)=C(C)C(O)=C12)=C3)C(C(C)=O)C3=O
np_434	Pachypodol	C18H16O7	13.5423	O=C1C(OC)=C(C2=CC(OC)=C(O)C=C2)OC3=CC(OC)=CC(O)=C13
np_435	Deoxyelephantopin	C19H20O6	11.4925	C=C(C)C(O[C@@H](CC1=C2)[C@]3([H])[C@@](OC(C3=C)=O)([H])/C=C(C)/C[C@@]2([H])OC1=O)=O
np_438	Aucubin	C15H22O9	3.0931	O[C@H]([C@@H](O)[C@@H]1O)[C@](O[C@@H]1CO)([H])O[C@H](OC=C2)[C@@]3([H])[C@]2([H])[C@H](O)C=C3CO
np_439	Cynaropicrin	C19H22O6	8.9678	C=C([C@H]1O)[C@]([C@@]2([H])C1)([H])[C@](OC3=O)([H])[C@@](C3=C)([H])[C@@H](OC(C(CO)=C)=O)CC2=C
np_440	Brevilin A	C20H26O5	13.3418	C/C=C(C)\C(O[C@H]1[C@@]([C@@H]2C)([H])[C@@](OC2=O)([H])C[C@@H](C)[C@@]3([H])[C@]1(C(C=C3)=O)C)=O
np_442	Epirosmanol	C20H26O5	11.5864	O=C1O[C@]2([H])[C@H](O)C3=C(C(O)=C(O)C(C(C)C)=C3)[C@@]41CCCC(C)(C)[C@]24[H]
np_443	12-O-Methylcarnosic acid	C21H30O4	17.8883	O=C([C@]12CCCC(C)(C)[C@]1([H])CCC3=C2C(O)=C(OC)C(C(C)C)=C3)O
np_444	Ginkgolic Acid	C22H34O3	22.4971	O=C(O)C1=C(CCCCCCC/C=C\CCCCCC)C=CC=C1O
np_446	Camptothecin	C20H16N2O4	9.2121	O=C1C2=C([C@@](O)(CC)C(OC2)=O)C=C(N1C3)C(C3=C4)=NC5=C4C=CC=C5
np_447	Ingenol	C20H28O5	10.1635	O[C@@]([C@@H](C(CO)=C[C@@]1([H])[C@H](C2(C)C)[C@H]2C3)O)([C@H]4O)[C@]([C@@H]3C)(C=C4C)C1=O
np_448	Anacardic Acid	C22H36O3	23.6401	O=C(O)C1=C(CCCCCCCCCCCCCCC)C=CC=C1O
np_449	Millepachine	C22H22O4	17.6685	O=C(C1=C2C(C=CC(C)(C)O2)=C(OC)C=C1)/C=C/C3=CC=C(OC)C=C3
np_450	Vinpocetine	C22H26N2O2	10.0114	CCOC(C1=C[C@]2(CC)CCCN3CCC(C4=C(C=CC=C4)N51)=C5[C@]23[H])=O
np_451	Andrographolide	C20H30O5	8.9662	O=C1OC[C@@H](O)/C1=C\C[C@@H]2C(CC[C@]3([H])[C@](C)(CO)[C@H](O)CC[C@@]23C)=C
np_452	10-Gingerol	C21H34O4	17.0704	CCCCCCCCC[C@H](O)CC(CCC1=CC=C(O)C(OC)=C1)=O
np_453	Senecionine N-oxide	C18H25NO6	6.345	O=C(O[C@]1([H])CC[N+]2([O-])[C@]1([H])C(COC([C@](C)(O)[C@H](C)C/3)=O)=CC2)C3=C/C
np_455	Protopine	C20H19NO5	7.2821	O=C1CC2=CC=C3C(OCO3)=C2CN(C)CCC4=CC5=C(OCO5)C=C41
np_456	Chelidonine	C20H19NO5	7.6483	CN1[C@@]2([H])[C@@]([C@H](CC3=C2C=C4C(OCO4)=C3)O)([H])C5=C(C6=C(OCO6)C=C5)C1
np_457	Neochlorogenic acid	C16H18O9	4.1552	O=C([C@]1(O)C[C@@H](OC(/C=C/C2=CC=C(O)C(O)=C2)=O)[C@@H](O)[C@H](O)C1)O
np_458	1-Caffeoylquinic acid	C16H18O9	3.7663	O[C@@H]1[C@H](O)C[C@@](OC(/C=C/C2=CC(O)=C(O)C=C2)=O)(C(O)=O)C[C@H]1O
np_460	(-)-Asarinin	C20H18O6	12.0674	[H][C@]12[C@](CO[C@@H]2C3=CC=C(OCO4)C4=C3)([H])[C@H](C5=CC=C(OCO6)C6=C5)OC1
np_462	Isoxanthohumol	C21H22O5	11.5411	OC1=CC(OC)=C2C(CC(OC2=C1C/C=C(C)\C)C3=CC=C(C=C3)O)=O
np_463	Xanthohumol	C21H22O5	15.4398	O=C(C1=C(OC)C=C(O)C(C/C=C(C)\C)=C1O)/C=C/C2=CC=C(O)C=C2
np_468	N6-Benzyladenosine	C17H19N5O4	7.266	O[C@H]1[C@@H](O)[C@H](N2C(N=CN=C3NCC4=CC=CC=C4)=C3N=C2)O[C@@H]1CO
np_471	Pinoresinol	C20H22O6	9.4607	COC1=C(O)C=CC([C@@H]2[C@]3([H])[C@]([C@@H](C4=CC(OC)=C(O)C=C4)OC3)([H])CO2)=C1
np_472	Triptonide	C20H22O6	11.9366	O=C([C@@]1([C@H]2O1)C(C)C)[C@]34O[C@H]3C[C@@]([H])(C5=C(CC6)C(OC5)=O)[C@@]6(C)[C@]47[C@H]2O7
np_474	Demethyleneberberine (chloride)	C19H18ClNO4	7.0576	COC1=C(OC)C2=C[N+]3=C(C4=CC(O)=C(O)C=C4CC3)C=C2C=C1.[Cl-]
np_475	Irigenin	C18H16O8	10.6333	O=C1C(C2=CC(OC)=C(OC)C(O)=C2)=COC3=CC(O)=C(OC)C(O)=C13
np_476	Rosmarinic acid	C18H16O8	7.7356	OC([C@H](OC(/C=C/C1=CC(O)=C(O)C=C1)=O)CC2=CC(O)=C(O)C=C2)=O
np_477	Chrysosplenol D	C18H16O8	10.9009	O=C1C2=C(O)C(OC)=C(OC)C=C2OC(C3=CC(O)=C(O)C=C3)=C1OC
np_479	Triptolide	C20H24O6	9.4878	C[C@@]12[C@@]34[C@](O5)([C@@H]([C@](O6)(C(C)C)[C@@H]6[C@@H]3O4)O)[C@@H]5C[C@@]1([H])C7=C(C(OC7)=O)CC2
np_481	Secoisolariciresinol	C20H26O6	8.0439	COC1=C(O)C=CC(C[C@@H](CO)[C@H](CO)CC2=CC(OC)=C(O)C=C2)=C1
np_482	Ponicidin	C20H26O6	7.267	O[C@]12[C@]3(C4=O)[C@]5([H])C6([C@](O[C@@]3([H])[C@](CC5)([H])C4=C)([H])O2)[C@](C(C)(CC[C@@H]6O)C)([H])[C@@H]1O
np_484	(S)-10-Hydroxycamptothecin	C20H16N2O5	7.8343	O=C1[C@](O)(CC)C2=C(CO1)C(N3CC4=CC5=CC(O)=CC=C5N=C4C3=C2)=O
np_485	(±)-10-Hydroxycamptothecin	C20H16N2O5	7.8357	O=C1C(O)(CC)C2=C(CO1)C(N3CC4=CC5=CC(O)=CC=C5N=C4C3=C2)=O
np_486	Phorbol	C20H28O6	4.4211	O=C1C(C)=C[C@@]2([H])[C@]3(O)[C@@]([C@@](C4(C)C)([H])[C@@]4(O)[C@H](O)[C@H]3C)([H])C=C(CO)C[C@]12O
np_487	Oridonin	C20H28O6	8.6995	O[C@@H]1[C@]2(CO3)[C@@]([C@H](O)[C@]3(O)[C@]45[C@@]2([H])CC[C@](C(C5=O)=C)([H])[C@@]4([H])O)([H])C(C)(C)CC1
np_491	Isopsoralenoside	C17H18O9	6.0953	O=C(O)/C=C\C1=CC=C(OC=C2)C2=C1O[C@H]3[C@@H]([C@H]([C@@H]([C@@H](CO)O3)O)O)O
np_492	Psoralenoside	C17H18O9	5.9333	O=C(O)/C=C\C1=C(O[C@H]2[C@@H]([C@H]([C@@H]([C@@H](CO)O2)O)O)O)C=C(OC=C3)C3=C1
np_496	Corynoline	C21H21NO5	8.2834	C[C@@]1(C(C=CC2=C3OCO2)=C3CN4C)[C@@]4([H])C(C=C(OCO5)C5=C6)=C6C[C@@H]1O
np_498	Curcumin	C21H20O6	13.6326	O=C(CC(/C=C/C1=CC=C(O)C(OC)=C1)=O)/C=C/C2=CC=C(O)C(OC)=C2
np_499	Icaritin	C21H20O6	16.4206	O=C1C(O)=C(C2=CC=C(OC)C=C2)OC3=C(C/C=C(C)\C)C(O)=CC(O)=C13
np_500	Glycycoumarin	C21H20O6	12.9538	O=C1C(C2=CC=C(O)C=C2O)=CC3=C(OC)C(C/C=C(C)\C)=C(O)C=C3O1
np_502	Hirsutine	C22H28N2O3	9.9881	O=C(OC)/C([C@H]([C@H](CN1CC2)CC)C[C@]1([H])C3=C2C(C=CC=C4)=C4N3)=C/OC
np_503	Palmatine (hydroxide)	C21H23NO5	8.6672	COC(C=C1C2=CC3=CC=C4OC)=C(C=C1CC[N+]2=CC3=C4OC)OC.[OH-]
np_504	β,β-Dimethylacrylshikonin	C21H22O6	7.9486	O=C1C2=C(O)C=CC(O)=C2C(C=C1[C@@H](C/C=C(C)/C)OC(/C=C(C)/C)=O)=O
np_506	Colcemid	C21H25NO5	6.9023	O=C1C=C2[C@@H](NC)CCC3=CC(OC)=C(OC)C(OC)=C3C2=CC=C1OC
np_507	Noricaritin	C20H20O7	15.4215	O=C1C(O)=C(C2=CC=C(O)C=C2)OC3=C(CCC(C)(O)C)C(O)=CC(O)=C13
np_508	Tangeretin	C20H20O7	13.45	O=C1C=C(C2=CC=C(OC)C=C2)OC3=C(OC)C(OC)=C(OC)C(OC)=C13
np_509	3',​4',​5',​5,​7-​Pentamethoxyflavone	C20H20O7	11.9392	O=C1C=C(C2=CC(OC)=C(OC)C(OC)=C2)OC3=CC(OC)=CC(OC)=C13
np_514	Methyl rosmarinate	C19H18O8	9.4594	OC1=C(O)C=CC(/C=C/C(O[C@@H](C(OC)=O)CC2=CC(O)=C(O)C=C2)=O)=C1
np_515	Atranorin	C19H18O8	18.1953	O=C(OC1=CC(C)=C(C(OC)=O)C(O)=C1C)C2=C(C)C=C(O)C(C=O)=C2O
np_516	Swertiamarin	C16H22O10	5.1053	C=C[C@@H]([C@@H]1O[C@]([C@@H]([C@@H](O)[C@@H]2O)O)([H])O[C@@H]2CO)[C@@](C3=CO1)(CCOC3=O)O
np_517	Geniposidic acid	C16H22O10	3.7766	O[C@H]1[C@H](O)[C@@H](CO)O[C@@H](O[C@@H]2OC=C(C(O)=O)[C@]3([H])[C@@]2([H])C(CO)=CC3)[C@@H]1O
np_518	Diffractaic acid	C20H22O7	16.1295	O=C(OC1=CC(C)=C(C(O)=O)C(O)=C1C)C2=C(C)C=C(OC)C(C)=C2OC
np_519	Hexahydrocurcumin	C21H26O6	9.7946	O=C(CC(O)CCC1=CC=C(O)C(OC)=C1)CCC2=CC=C(O)C(OC)=C2
np_520	Ginkgolic acid C17:1	C24H38O3	23.8148	O=C(O)C1=C(O)C=CC=C1CCCCCCCCC/C=C\CCCCCC
np_522	Ailanthone	C20H24O7	5.6819	C[C@@]1([C@@H]2O)[C@]([C@@]3([C@@H]4O)O)([H])[C@@]([C@](C5)([H])C4=C)(CO3)[C@@](OC5=O)([H])C[C@@]1([H])C(C)=CC2=O
np_523	Ethoxysanguinarine	C22H19NO5	7.4192	CN1C2=C3C(C=C4OCOC4=C3)=CC=C2C5=C(C6=C(OCO6)C=C5)C1OCC
np_525	9-Methoxycamptothecin	C21H18N2O5	10.0645	CC[C@@]1(C2=C(COC1=O)C(N3C(C4=NC5=CC=CC(OC)=C5C=C4C3)=C2)=O)O
np_526	10-Methoxycamptothecin	C21H18N2O5	9.7821	O=C1[C@](O)(CC)C2=C(CO1)C(N3CC4=CC5=CC(OC)=CC=C5N=C4C3=C2)=O
np_527	Angoline	C22H21NO5	6.14	CN1C2=C3C(C=C4OCOC4=C3)=CC=C2C5=C(C(OC)=C(OC)C=C5)C1OC
np_529	Levistolide A	C24H28O4	18.0552	O=C(O/C([C@@]1(CC2)[C@]34[H])=C\CCC)C1=C[C@]2([H])[C@]3([H])CCC5=C4C(O/C5=C\CCC)=O
np_532	Dehydrocorydaline (hydroxyl)	C22H25NO5	9.0603	CC1=C(C=CC(OC)=C2OC)C2=C[N+]3=C1C4=CC(OC)=C(OC)C=C4CC3.[OH-]
np_533	Schisandrin C	C22H24O6	18.9374	[H][C@@]([C@](C)([H])C1)(C)CC2=CC3=C(C(OC)=C2C4=C1C=C5OCOC5=C4OC)OCO3
np_534	Artesunate	C19H28O8	13.5838	O=C(O[C@H]1[C@H](C)[C@]2([H])CC[C@@H](C)[C@]3([H])CC[C@@](O4)(C)OO[C@]32[C@]4([H])O1)CCC(O)=O
np_536	Corynoxine	C22H28N2O4	7.8319	O=C(NC1=C2C=CC=C1)[C@@]32[C@@](C[C@H](/C(C(OC)=O)=C\OC)[C@H](CC)C4)([H])N4CC3
np_538	Wushanicaritin	C21H22O7	18.3593	O=C1C(O)=C(C2=CC=C(OC)C=C2)OC3=C(CCC(C)(O)C)C(O)=CC(O)=C13
np_539	Eudesmin	C22H26O6	12.2797	COC(C=C(C=C1)[C@@]2([H])[C@@]3([H])[C@](CO2)([H])[C@@](C(C=C4)=CC(OC)=C4OC)([H])OC3)=C1OC
np_541	Sodium Camptothecin	C20H17N2NaO5	17.7084	O=C1N2C(C3=NC4=CC=CC=C4C=C3C2)=CC([C@](CC)(O)C(O[Na])=O)=C1CO
np_543	3'-Demethylnobiletin	C20H20O8	11.1718	O=C1C=C(C2=CC=C(OC)C(O)=C2)OC3=C(OC)C(OC)=C(OC)C(OC)=C13
np_546	Polydatin	C20H22O8	6.6305	O[C@H]([C@H]([C@@H]([C@@H](CO)O1)O)O)[C@@H]1OC2=CC(/C=C/C3=CC=C(O)C=C3)=CC(O)=C2
np_547	Loganin	C17H26O10	5.5463	O[C@H]([C@@H](O)[C@@H]1O)[C@](O[C@@H]1CO)([H])O[C@H]2[C@@]([C@H]3C)([H])[C@@](C[C@@H]3O)([H])C(C(OC)=O)=CO2
np_548	SN-38	C22H20N2O5	8.9396	O=C1[C@](O)(CC)C2=C(CO1)C(N3CC4=C(CC)C5=CC(O)=CC=C5N=C4C3=C2)=O
np_549	Rubitecan	C20H15N3O6	9.944	O=C1[C@](O)(CC)C2=C(CO1)C(N3CC4=CC5=C([N+]([O-])=O)C=CC=C5N=C4C3=C2)=O
np_550	Aloesin	C19H22O9	4.8199	OC1=CC(C)=C(C(C=C(CC(C)=O)O2)=O)C2=C1[C@@H]3O[C@@H]([C@@H](O)[C@H](O)[C@H]3O)CO
np_551	Deguelin	C23H22O6	15.2392	O=C1[C@]2([H])[C@](COC3=CC(OC)=C(OC)C=C32)([H])OC4=C5C=CC(C)(C)OC5=CC=C14
np_552	Rotenone	C23H22O6	14.9625	O=C1[C@]2([H])[C@](COC3=CC(OC)=C(OC)C=C32)([H])OC4=C5C(O[C@@H](C(C)=C)C5)=CC=C14
np_555	Dimethylcurcumin	C23H24O6	16.3177	O=C(/C=C(O)/C=C/C1=CC=C(OC)C(OC)=C1)/C=C/C2=CC=C(OC)C(OC)=C2
np_559	Colchicine	C22H25NO6	8.6802	CC(N[C@H](C1=C2)CCC3=CC(OC)=C(OC)C(OC)=C3C1=CC=C(OC)C2=O)=O
np_560	4'-Demethylpodophyllotoxin	C21H20O8	9.1708	O=C1[C@]2([H])[C@H](C3=CC(OC)=C(O)C(OC)=C3)C(C=C(OCO4)C4=C5)=C5[C@H](O)[C@@]2([H])CO1
np_561	4'-Demethylepipodophyllotoxin	C21H20O8	8.6056	O=C1OC[C@]2([H])[C@H](O)C3=C(C=C4OCOC4=C3)[C@@H](C5=CC(OC)=C(O)C(OC)=C5)[C@]21[H]
np_562	Neoanhydropodophyllol	C22H24O7	10.3889	OC[C@@H]1[C@]2([H])C3=CC(OCO4)=C4C=C3[C@@H](C5=CC(OC)=C(OC)C(OC)=C5)[C@@]1([H])CO2
np_565	Campesterol	C28H48O	8.3078	C[C@@H](C(C)C)CC[C@@H](C)[C@H]1CC[C@@]2([H])[C@]3([H])CC=C4C[C@@H](O)CC[C@]4(C)[C@@]3([H])CC[C@]12C
np_568	Schisanhenol	C23H30O6	16.4042	COC(C(OC)=C(OC)C=C1C[C@H](C)[C@H](C)C2)=C1C3=C2C=C(OC)C(OC)=C3O
np_569	Desoxyrhaponticin	C21H24O8	9.0884	COC(C=C1)=CC=C1/C=C/C2=CC(O)=CC(O[C@@H]3O[C@@H]([C@@H](O)[C@H](O)[C@H]3O)CO)=C2
np_570	Neolancerin	C19H18O10	6.2289	OC1=C(C(C2=C3)=O)C(OC2=CC=C3O)=CC(O)=C1[C@@H]([C@@H]([C@H]4O)O)O[C@@H]([C@H]4O)CO
np_572	8-​O-​Acetylharpagide	C17H26O11	5.3515	O[C@@]([C@@H]1O)(C=CO2)[C@]([C@](OC(C)=O)(C)C1)([H])[C@@H]2O[C@]([C@@H]([C@@H](O)[C@@H]3O)O)([H])O[C@@H]3CO
np_573	Kushenol A	C25H28O5	16.9864	O=C1C[C@@H](C2=CC=CC=C2O)OC3=C(C[C@H](C(C)=C)C/C=C(C)\C)C(O)=CC(O)=C13
np_574	Veratramine	C27H39NO2	8.9797	O[C@H]1[C@H]([C@H](C2=C(C)C3=C(C=C2)[C@]4([H])CC=C(C[C@@H](O)CC5)[C@@]5(C)[C@@]4([H])C3)C)NC[C@@H](C)C1
np_575	Bruceine D	C20H26O9	5.1299	O[C@@]1([C@H]2O)[C@@]34[C@@]([C@@H](O)[C@H](O)[C@]1(OC4)C)([H])[C@]([C@@](C(C)=CC5=O)([H])C[C@@]3([H])OC2=O)([C@@H]5O)C
np_577	3-Isomangostin	C24H26O6	20.4367	C/C(C)=C\CC1=C2C(OC3=C(C(O)=C4C(OC(C)(C)CC4)=C3)C2=O)=CC(O)=C1OC
np_578	Forskolin	C22H34O7	13.9787	O=C1[C@@]2(O)[C@]([C@@H](OC(C)=O)[C@@H](O)[C@@]3([H])C(C)(C)CC[C@H](O)[C@@]32C)(C)O[C@@](C)(C=C)C1
np_579	Cyclopamine	C27H41NO2	9.4594	CC1=C2[C@@]([C@@]3([H])[C@]([C@@]4(C(C[C@@H](O)CC4)=CC3)C)([H])C2)([H])CC[C@@]15[C@@H]([C@@]6([H])[C@](C[C@H](C)CN6)([H])O5)C
np_580	Podophyllotoxone	C22H20O8	12.0791	O=C1[C@]([C@]2([H])CO1)([H])[C@@](C(C=C3OC)=CC(OC)=C3OC)([H])C4=CC(OCO5)=C5C=C4C2=O
np_582	Halofuginone	C16H17BrClN3O3	7.6877	O=C1N(CC(C[C@@H]2NCCC[C@H]2O)=O)C=NC3=C1C=C(Cl)C(Br)=C3
np_583	Solasodine	C27H43NO2	11.2176	C[C@H](CC1)CN[C@]21O[C@@]3([H])C[C@@]4([H])[C@]5([H])CC=C6C[C@@H](O)CC[C@]6(C)[C@@]5([H])CC[C@]4(C)[C@@]3([H])[C@@H]2C
np_584	Picropodophyllin	C22H22O8	10.5695	O=C1OC[C@]2([H])[C@@H](O)C3=C(C=C4OCOC4=C3)[C@@H](C5=CC(OC)=C(OC)C(OC)=C5)[C@@]21[H]
np_585	Podofilox	C22H22O8	10.5879	O=C1OC[C@]2([H])[C@@H](O)C3=C(C=C4OCOC4=C3)[C@@H](C5=CC(OC)=C(OC)C(OC)=C5)[C@]21[H]
np_586	(-)-Epipodophyllotoxin	C22H22O8	10.369	O=C1[C@]([C@]2([H])CO1)([H])[C@@](C(C=C3OC)=CC(OC)=C3OC)([H])C4=CC(OCO5)=C5C=C4[C@H]2O
np_590	Chrysophanol 8-O-glucoside	C21H20O9	9.3527	O=C(C1=CC(C)=CC(O)=C12)C3=CC=CC(O[C@@H]4O[C@@H]([C@@H](O)[C@H](O)[C@H]4O)CO)=C3C2=O
np_591	Toringin	C21H20O9	8.7573	O=C1C(C(OC(C2=CC=CC=C2)=C1)=CC(O)=C3)=C3O[C@@H]4O[C@@H]([C@@H](O)[C@H](O)[C@H]4O)CO
np_592	Puerarin	C21H20O9	5.4368	O=C1C(C2=CC=C(O)C=C2)=COC3=C([C@H]4[C@@H]([C@H]([C@@H]([C@@H](CO)O4)O)O)O)C(O)=CC=C13
np_593	Schisandrol B	C23H28O7	13.8496	O[C@@]([C@@H](C)C1)(C)CC2=CC(OC)=C(OC)C(OC)=C2C3=C1C=C4OCOC4=C3OC
np_594	Schisandrin A	C24H32O6	17.8591	C[C@H]1CC2=CC(OC)=C(OC)C(OC)=C2C3=C(OC)C(OC)=C(OC)C=C3C[C@H]1C
np_599	Juglanin	C20H18O10	7.8666	O=C1C(O[C@@H]2O[C@@H](CO)[C@H](O)[C@H]2O)=C(C3=CC=C(O)C=C3)OC4=CC(O)=CC(O)=C41
np_600	Neoisoliquiritin	C21H22O9	8.3774	O=C(C1=CC=C(O[C@H]2[C@@H]([C@H]([C@@H]([C@@H](CO)O2)O)O)O)C=C1O)/C=C/C3=CC=C(O)C=C3
np_603	Liquiritin	C21H22O9	6.7156	O=C1C[C@@H](C2=CC=C(O[C@H]3[C@@H]([C@H]([C@@H]([C@@H](CO)O3)O)O)O)C=C2)OC4=CC(O)=CC=C14
np_605	(-)-Syringaresinol	C22H26O8	9.2295	OC1=C(OC)C=C([C@@H]2OC[C@]3([H])[C@@]2([H])CO[C@H]3C4=CC(OC)=C(O)C(OC)=C4)C=C1OC
np_607	Morusin	C25H24O6	17.017	O=C1C2=C(O)C=C3C(C=CC(C)(C)O3)=C2OC(C4=CC=C(O)C=C4O)=C1C/C=C(C)\C
np_608	Mangiferin	C19H18O11	5.4607	O[C@@H]([C@H](O)[C@@H](CO)O1)[C@@H](O)[C@@H]1C2=C(O)C3=C(C=C2O)OC4=CC(O)=C(O)C=C4C3=O
np_609	Valepotriate	C22H30O8	17.6826	O=C(CC(C)C)O[C@@H]1[C@]2(CO2)[C@]([C@@H]3OC(CC(C)C)=O)([H])C(C(COC(C)=O)=CO3)=C1
np_611	beta-Mangostin	C25H28O6	21.3146	C1(=O)C2=C(C=C(O)C(OC)=C2C/C=C(/C)\C)OC2=C1C(O)=C(C/C=C(/C)\C)C(OC)=C2
np_616	Yadanziolide A	C20H26O10	4.9625	O[C@@]1([C@H]2O)[C@@]34[C@@]([C@@H](O)[C@H](O)[C@]1(OC4)CO)([H])[C@]([C@@](C(C)=CC5=O)([H])C[C@@]3([H])OC2=O)([C@@H]5O)C
np_621	Peiminine	C27H43NO3	7.7986	[H][C@]12[C@]3([H])CC([C@@]4([H])C[C@@H](O)CC[C@]4(C)[C@@]3([H])C[C@]([H])1[C@]5([H])CN6C[C@@H](C)CC[C@]([H])6[C@@](C)(O)[C@]([H])5CC2)=O
np_623	Ingenol Mebutate	C25H34O6	15.9142	C/C=C(C)\C(O[C@H]1C(C)=C[C@]23[C@]1(O)[C@H](O)C(CO)=C[C@@](C3=O)([H])[C@@]4([H])[C@@](C4(C)C)([H])C[C@H]2C)=O
np_624	25(R,S)-Ruscogenin	C27H42O4	17.6184	C[C@@]12[C@]3([H])[C@@](C[C@@]1([H])[C@@]4([H])[C@]([C@@]5(C(C[C@H](C[C@H]5O)O)=CC4)C)([H])CC2)([H])O[C@]6(CCC(CO6)C)[C@H]3C
np_625	α-Vitamin E	C29H50O2	21.3785	OC1=C(C)C(C)=C2C(CC[C@](CCC[C@H](C)CCC[C@H](C)CCCC(C)C)(C)O2)=C1C
np_626	Isoverticine	C27H45NO3	8.6358	C[C@@]([C@]1([H])C[C@H]2O)(CC2)[C@]3([H])[C@](C[C@H]1O)([H])[C@@](CC[C@@]4([H])[C@@]5([H])CN(C[C@H]6C)[C@](CC6)([H])[C@@](O)4C)([H])[C@@]5([H])C3
np_627	Apigenin 7-glucoside	C21H20O10	7.5144	O=C(C=C(C1=CC=C(O)C=C1)OC2=CC(O[C@@H]([C@@H]([C@@H](O)[C@@H]3O)O)O[C@@H]3CO)=C4)C2=C4O
np_628	Emodin-8-glucoside	C21H20O10	9.2021	O=C1C2=C(C=C(C)C=C2O)C(C3=CC(O)=CC(O[C@H]4[C@@H]([C@H]([C@@H]([C@@H](CO)O4)O)O)O)=C13)=O
np_629	Genistin	C21H20O10	7.0191	O=C(C(C1=CC=C(O)C=C1)=COC2=CC(O[C@@H]([C@@H]([C@@H](O)[C@@H]3O)O)O[C@@H]3CO)=C4)C2=C4O
np_630	Vitexin	C21H20O10	6.6336	OC1=CC=C(C2=CC(C(C(O)=CC(O)=C3[C@H]4[C@H](O)[C@@H](O)[C@H](O)[C@@H](CO)O4)=C3O2)=O)C=C1
np_631	Sophoricoside	C21H20O10	7.4406	OC1=CC(O)=C(C(C(C2=CC=C(O[C@H]3[C@H](O)[C@@H](O)[C@H](O)[C@@H](CO)O3)C=C2)=CO4)=O)C4=C1
np_634	Pseudolaric Acid B	C23H28O8	12.4045	O=C(C1=CC[C@@]([C@@](CC1)(OC(C)=O)[C@]2([H])[C@@](C)(/C=C/C=C(C(O)=O)\C)O3)(CC2)C3=O)OC
np_635	Schisandrin	C24H32O7	13.0907	O[C@]1(C)[C@@H](C)CC2=CC(OC)=C(OC)C(OC)=C2C3=C(OC)C(OC)=C(OC)C=C3C1
np_636	Avicularin	C20H18O11	7.2716	O=C1C(O[C@H]2[C@@H]([C@H]([C@H](CO)O2)O)O)=C(C3=CC=C(O)C(O)=C3)OC4=CC(O)=CC(O)=C14
np_637	Glucoraphanin	C12H23NO10S3	0.736	CS(CCCC/C(S[C@@H]1O[C@@H]([C@@H](O)[C@H](O)[C@H]1O)CO)=N\OS(=O)(O)=O)=O
np_638	Leachianone A	C26H30O6	15.904	O=C1C[C@@H](C2=CC=C(O)C=C2OC)OC3=C(C[C@H](C(C)=C)C/C=C(C)\C)C(O)=CC(O)=C13
np_640	Betulinaldehyde	C30H48O2	10.4932	C=C(C)[C@@H]1CC[C@]2(C=O)CC[C@@]3(C)[C@]4(C)CC[C@@]5([H])C(C)(C)[C@@H](O)CC[C@]5(C)[C@@]4([H])CC[C@]3([H])[C@]21[H]
np_641	Folic acid	C19H19N7O6	4.7434	O=C(O)CC[C@@H](C(O)=O)NC(C1=CC=C(NCC2=CN=C3N=C(N)NC(C3=N2)=O)C=C1)=O
np_642	(-)-Catechin gallate	C22H18O10	6.8168	O=C(O[C@H]1[C@H](C2=CC=C(O)C(O)=C2)OC3=CC(O)=CC(O)=C3C1)C4=CC(O)=C(O)C(O)=C4
np_643	Rubipodanone A	C27H22O6	15.7174	C/C(C)=C\C[C@@](C(C1=CC=CC=C21)=O)(C(C(C3=CC=CC=C34)=O)=CC4=O)C(C(OC)=O)=C2O
np_644	Englerin A	C26H34O6	14.1059	O=C(O[C@@H]1[C@]2(C(C)C)C[C@@H](OC(CO)=O)[C@](O2)(C)[C@]3([H])CC[C@@H](C)[C@@]13[H])/C=C/C4=CC=CC=C4
np_645	Betulin	C30H50O2	13.2181	C=C(C)[C@@H]1CC[C@]2(CO)CC[C@@]3(C)[C@]4(C)CC[C@@]5([H])C(C)(C)[C@@H](O)CC[C@]5(C)[C@@]4([H])CC[C@]3([H])[C@]21[H]
np_646	Menaquinone-4	C31H40O2	23.8024	O=C1C(C)=C(C/C=C(C)/CC/C=C(C)/CC/C=C(C)/CC/C=C(C)\C)C(C2=C1C=CC=C2)=O
np_647	Glychionide A	C21H18O11	8.7576	O=C1C(C(OC(C2=CC=CC=C2)=C1)=C3O)=C(C=C3O[C@@H]([C@@H]([C@H]4O)O)O[C@@H]([C@H]4O)C(O)=O)O
np_648	Apigenin-7-glucuronide	C21H18O11	7.5664	O[C@H]([C@H]([C@@H]([C@@H](C(O)=O)O1)O)O)[C@@H]1OC2=CC(O)=C3C(C=C(C4=CC=C(O)C=C4)OC3=C2)=O
np_649	Baicalin	C21H18O11	8.2563	O[C@H]([C@H]([C@@H]([C@@H](C(O)=O)O1)O)O)[C@@H]1OC2=C(O)C(O)=C3C(C=C(C4=CC=CC=C4)OC3=C2)=O
np_650	Paederoside	C18H22O11S	6.8337	OC[C@H]([C@@H](O)[C@H](O)[C@H]1O)O[C@@]1([H])O[C@H]2[C@@]3([H])[C@](C4=CO2)([H])[C@](OC4=O)([H])C=C3COC(SC)=O
np_651	Physcion 8-O-β-D-glucopyranoside	C22H22O10	9.176	O=C1C2=C(C=C(C)C=C2O)C(C3=CC(OC)=CC(O[C@H]4[C@@H]([C@H]([C@@H]([C@@H](CO)O4)O)O)O)=C13)=O
np_652	Glycitin	C22H22O10	6.2511	O[C@H]1[C@H](O)[C@@H](CO)O[C@@H](OC2=CC(OC=C(C3=CC=C(O)C=C3)C4=O)=C4C=C2OC)[C@@H]1O
np_653	Trifolirhizin	C22H22O10	8.918	O[C@H]([C@@H](O)[C@@H]1O)[C@@H](O[C@@H]1CO)OC2=CC=C3C(OC[C@]4([H])[C@@]3([H])OC5=C4C=C(OCO6)C6=C5)=C2
np_654	Astragalin	C21H20O11	7.347	OC1=CC2=C(C(C(O[C@@H]3O[C@H](CO)[C@@H](O)[C@H](O)[C@H]3O)=C(C4=CC=C(O)C=C4)O2)=O)C(O)=C1
np_655	Isoorientin	C21H20O11	6.0824	OC1=C(C2=O)C(OC(C3=CC(O)=C(O)C=C3)=C2)=CC(O)=C1[C@@H]([C@@H]([C@@H](O)[C@@H]4O)O)O[C@@H]4CO
np_656	Orientin	C21H20O11	6.2157	O[C@@H]1[C@@H](O)[C@H](C2=C(O)C=C(O)C3=C2OC(C4=CC=C(O)C(O)=C4)=CC3=O)O[C@H](CO)[C@H]1O
np_658	Tectol	C30H26O4	20.3859	OC1=C(C=CC=C2)C2=C(O3)C(C=CC3(C)C)=C1C4=C(C=CC5(C)C)C(O5)=C6C(C=CC=C6)=C4O
np_660	(2S)-2'-Methoxykurarinone	C27H32O6	14.1984	O=C1C[C@@H](C2=CC=C(O)C=C2OC)OC3=C(C[C@H](C(C)=C)C/C=C(C)\C)C(O)=CC(OC)=C13
np_661	Deoxylimonin	C26H30O7	11.1029	C[C@]1(C2=CC3=O)[C@@](CC[C@]2([C@@](C4=COC=C4)([H])O3)C)([H])[C@]([C@@](C5)([H])OC(C)6C)(COC5=O)[C@@]6([H])CC1=O
np_662	Obacunone	C26H30O7	14.1243	O=C(OC1(C)C)C=C[C@]([C@@]1([H])C2)(C)[C@@]3([H])CC[C@]4(C)[C@@]([C@H]5C(O[C@H]4C6=COC=C6)=O)(O5)[C@]3(C)C2=O
np_663	Withanolide B	C28H38O5	14.9214	C[C@@]12[C@]3([H])[C@@]([C@@]4([H])[C@](CC3)([C@@](CC4)([H])[C@@H]([C@@]5([H])CC(C)=C(C(O5)=O)C)C)C)([H])[C@H]6[C@@H]([C@]1(CC=CC2=O)O)O6
np_668	β-Elemonic acid	C30H46O3	22.1912	C[C@@]12C3=C(CC[C@]1([C@@]([C@@H](C(O)=O)CC/C=C(C)/C)([H])CC2)C)[C@@]4([C@@](C(C)(C(CC4)=O)C)([H])CC3)C
np_671	3-Epiursolic Acid	C30H48O3	19.4313	OC([C@]12[C@]([C@H]([C@H](C)CC2)C)([H])C3=CC[C@@]([C@@]4([C@@](C(C)([C@H](O)CC4)C)([H])CC5)C)([H])[C@]5(C)[C@]3(C)CC1)=O
np_673	Amygdalin	C20H27NO11	5.1553	O[C@H]1[C@H](O[C@@H](C#N)C2=CC=CC=C2)O[C@H](CO[C@H]3[C@@H]([C@H]([C@@H]([C@@H](CO)O3)O)O)O)[C@@H](O)[C@@H]1O
np_674	Tea polyphenol	C22H18O11	5.6627	C1C(C(OC2=CC(=CC(=C21)O)O)C3=CC(=C(C(=C3)O)O)O)OC(=O)C4=CC(=C(C(=C4)O)O)O  
np_675	(-)-Epigallocatechin Gallate	C22H18O11	5.6627	O=C(O[C@H]1[C@@H](C2=CC(O)=C(O)C(O)=C2)OC3=CC(O)=CC(O)=C3C1)C4=CC(O)=C(O)C(O)=C4
np_676	(-)-Gallocatechin gallate	C22H18O11	5.8998	O=C(O[C@H]1[C@H](C2=CC(O)=C(O)C(O)=C2)OC3=CC(O)=CC(O)=C3C1)C4=CC(O)=C(O)C(O)=C4
np_677	Lucideric acid A	C27H38O6	11.8444	C[C@]12C3=C(C(C[C@@]1([C@]([C@H](C)CCC(O)=O)([H])CC2=O)C)=O)[C@@]4([C@@](C(C)(C(CC4)=O)C)([H])C[C@@H]3O)C
np_678	Soyasapogenol B	C30H50O3	18.3561	C[C@]12[C@]3(C([C@@]4([H])[C@](C)([C@@H](CC(C)(C)C4)O)CC3)=CC[C@]1([H])[C@@]5([C@@]([C@](C)([C@@H](O)CC5)CO)([H])CC2)C)C
np_679	Wogonoside	C22H20O11	9.3707	O=C(C=C(C1=CC=CC=C1)O2)C3=C2C(OC)=C(O[C@@H]4O[C@H](C(O)=O)[C@@H](O)[C@H](O)[C@H]4O)C=C3O
np_680	Aspidin BB	C25H32O8	23.8619	CCCC(C1=C(C(C)(C)C(O)=C(CC2=C(O)C(C(CCC)=O)=C(OC)C(C)=C2O)C1=O)O)=O
np_683	(20R)-Protopanaxadiol	C30H52O3	21.1665	C[C@]([C@@](C[C@H]1O)([H])[C@]2(CC[C@@H]3O)C)(CC[C@@]2([H])C3(C)C)[C@]4([C@@]1([H])[C@]([C@](C)(O)CC/C=C(C)/C)([H])CC4)C
np_684	Scutellarin	C21H18O12	6.8374	O=C(C=C(C1=CC=C(O)C=C1)OC2=CC(O[C@@H]([C@@H]([C@@H](O)[C@@H]3O)O)O[C@@H]3C(O)=O)=C4O)C2=C4O
np_685	Tectoridin	C22H22O11	7.1494	O=C(C(C1=CC=C(O)C=C1)=COC2=CC(O[C@@H]([C@@H]([C@@H](O)[C@@H]3O)O)O[C@@H]3CO)=C4OC)C2=C4O
np_686	Eupalinolide B	C24H30O9	11.5533	O=C(O[C@@H]1C/C(COC(C)=O)=C/C[C@H](OC(C)=O)/C(C)=C/[C@@]([C@]1([H])C2=C)([H])OC2=O)/C(C)=C/CO
np_687	Isoquercetin	C21H20O12	6.8284	O=C1C(O[C@H]2[C@@H]([C@H]([C@@H]([C@@H](CO)O2)O)O)O)=C(C3=CC=C(O)C(O)=C3)OC4=CC(O)=CC(O)=C14
np_689	6-Hydroxykaempferol 3-O-β-D-glucoside	C21H20O12	6.3915	O=C(C(O[C@@H]1O[C@@H]([C@H]([C@@H]([C@H]1O)O)O)CO)=C(C2=CC=C(C=C2)O)OC3=CC(O)=C4O)C3=C4O
np_691	Paederosidic acid	C18H24O12S	6.0973	OC[C@H]([C@@H](O)[C@H](O)[C@H]1O)O[C@@]1([H])O[C@H]2[C@@]3([H])[C@@]([C@@H](O)C=C3COC(SC)=O)([H])C(C(O)=O)=CO2
np_692	(Rac)-Hydnocarpin	C25H20O9	11.8141	O=C1C=C(C2=CC=C(OC(C3=CC=C(O)C(OC)=C3)C(CO)O4)C4=C2)OC5=CC(O)=CC(O)=C15
np_693	Pristimerin	C30H40O4	21.8449	C[C@](C1=CC=C(C(C)=C2O)C3=CC2=O)(CC[C@]4(C)[C@@]5([H])C[C@@](C(OC)=O)(C)CC4)[C@]5(CC[C@]13C)C
np_694	Curculigoside	C22H26O11	7.6758	O=C(C(C(OC)=CC=C1)=C1OC)OCC(C=C(O)C=C2)=C2O[C@@H]([C@@H]([C@@H](O)[C@@H]3O)O)O[C@@H]3CO
np_696	Ganoderic acid DM	C30H44O4	17.849	C[C@]12C3=C(CC[C@@]1([C@@](CC2)([H])[C@H](C)CC/C=C(C)/C(O)=O)C)[C@@]4([C@@](C(C)(C(CC4)=O)C)([H])CC3=O)C
np_700	11-​Keto-​beta-​boswellic acid	C30H46O4	18.9171	C[C@@]1([C@@]2(CC[C@]3(CC[C@H]([C@@H]([C@]3(C2=C4)[H])C)C)C)C)CC[C@@]5([H])[C@](C(O)=O)(C)[C@H](O)CC[C@]5(C)[C@@]1([H])C4=O
np_701	18α-Glycyrrhetinic acid	C30H46O4	17.5617	CC1(C)[C@@H](O)CC[C@@]2(C)[C@@]1([H])CC[C@]([C@@](CC[C@]3(C)[C@]4([H])C[C@@](C)(C(O)=O)CC3)(C)C4=C5)(C)[C@]2([H])C5=O
np_702	(-)-Epigallocatechin-3-(3''-O-methyl) gallate	C23H20O11	6.4196	O=C(O[C@H]1[C@@H](C2=CC(O)=C(O)C(O)=C2)OC3=CC(O)=CC(O)=C3C1)C4=CC(OC)=C(O)C(O)=C4
np_703	Maslinic acid	C30H48O4	16.8363	C[C@]([C@@]1([H])[C@]2(C[C@@H](O)[C@@H]3O)C)(CC[C@@]2([H])C3(C)C)[C@@](C4=CC1)(CC[C@]5(C(O)=O)[C@@]4([H])CC(C)(C)CC5)C
np_705	Echinocystic acid	C30H48O4	16.7114	CC1(C)CC[C@]2(C(O)=O)[C@H](O)C[C@@]3(C)[C@]4(C)CC[C@@]5([H])C(C)(C)[C@@H](O)CC[C@]5(C)[C@@]4([H])CC=C3[C@]2([H])C1
np_708	Corosolic acid	C30H48O4	16.9847	O[C@H]1[C@H](O)C(C)(C)[C@@](CC[C@]2(C)[C@]3([H])CC=C4[C@@]2(C)CC[C@]5(C(O)=O)[C@@]4([H])[C@@H](C)[C@H](C)CC5)([H])[C@]3(C)C1
np_709	Hederagenin	C30H48O4	16.2473	CC1(C)CC[C@@](CC[C@]2(C)C3=CC[C@@]4([H])[C@@]2(C)CC[C@]5([H])[C@]4(C)CC[C@H](O)[C@]5(CO)C)(C(O)=O)[C@@]3([H])C1
np_710	Folinic acid	C20H23N7O7	4.5378	O=C(O)CC[C@@H](C(O)=O)NC(C1=CC=C(NCC2N(C=O)C3=C(N=C(N)NC3=O)NC2)C=C1)=O
np_711	Mogrol	C30H52O4	14.0197	CC1(C)[C@@H](O)CC[C@@]2([H])[C@]3(C)[C@H](O)C[C@]4(C)[C@@H]([C@H](C)CC[C@@H](O)C(C)(O)C)CC[C@](C)4[C@]3([H])CC=C12
np_712	Miquelianin	C21H18O13	6.7906	O=C1C2=C(O)C=C(O)C=C2OC(C3=CC=C(O)C(O)=C3)=C1O[C@@H]4O[C@H](C(O)=O)[C@@H](O)[C@H](O)[C@H]4O
np_713	Calceolarioside B	C23H26O11	6.9394	O[C@H]([C@@H](O)[C@@H]1O)[C@@H](O[C@@H]1COC(/C=C/C2=CC(O)=C(O)C=C2)=O)OCCC3=CC(O)=C(O)C=C3
np_714	Gossypin	C21H20O13	7.783	O=C1C(O)=C(C2=CC=C(O)C(O)=C2)OC3=C(O[C@H]4[C@@H]([C@H]([C@@H]([C@@H](CO)O4)O)O)O)C(O)=CC(O)=C13
np_715	Paeoniflorin	C23H28O11	6.0896	O[C@H]1[C@H](O)[C@@H](O)[C@]([H])(O[C@]2([C@@]3(C)O[C@]4([H])O[C@@]5(C3)O)C[C@]5([H])[C@]24COC(C6=CC=CC=C6)=O)O[C@@H]1CO
np_716	Demethylzeylasteral	C29H36O6	17.0968	C[C@](C1=CC2=O)(CC[C@]3(C)[C@@]4([H])C[C@@](C(O)=O)(C)CC3)[C@]4(CC[C@]1(C5=C2C(C=O)=C(O)C(O)=C5)C)C
np_717	Brassinolide	C28H48O6	13.2129	O[C@H]1[C@@H](O)C[C@@](C(OC[C@]2([H])[C@]3([H])CC[C@@]4(C)[C@]2(CC[C@]4([H])[C@H](C)[C@@H](O)[C@H](O)[C@H](C(C)C)C)[H])=O)([H])[C@]3(C)C1
np_718	Epibrassinolide	C28H48O6	13.2121	C[C@@]1([C@@]2([H])[C@H](C)[C@@H](O)[C@H](O)[C@H](C)C(C)C)[C@](CC2)([H])[C@@](COC3=O)([H])[C@]([C@@]4([C@]3([H])C[C@H](O)[C@H](O)C4)C)([H])CC1
np_719	Silymarin	C25H22O10 	9.7851	COC1=C(C=CC(=C1)C2C(OC3=C(O2)C=C(C=C3)C4C(C(=O)C5=C(C=C(C=C5O4)O)O)O)CO)O
np_720	Isosilybin	C25H22O10	10.1812	O=C1[C@H](O)[C@@H](C2=CC=C(OC(C3=CC=C(O)C(OC)=C3)C(CO)O4)C4=C2)OC5=CC(O)=CC(O)=C15
np_721	(±)-Silybin	C25H22O10	9.7786	OC[C@@H]1[C@@H](C2=CC(OC)=C(C=C2)O)OC3=CC([C@H]4OC5=CC(O)=CC(O)=C5C([C@@H]4O)=O)=CC=C3O1
np_722	Silybin	C25H22O10	9.8335	O=C1[C@H](O)[C@@H](C2=CC=C(OC(CO)C(C3=CC=C(O)C(OC)=C3)O4)C4=C2)OC5=CC(O)=CC(O)=C15
np_723	Silydianin	C25H22O10	8.4446	O=C1[C@]2([H])C=C([C@@H]3[C@@H](O)C(C4=C(O)C=C(O)C=C4O3)=O)[C@@]5([H])[C@]([C@H]2C6=CC=C(O)C(OC)=C6)([H])CO[C@]51O
np_725	Silybin A	C25H22O10	9.7771	O=C1[C@H](O)[C@@H](C2=CC=C(O[C@H](CO)[C@@H](C3=CC=C(O)C(OC)=C3)O4)C4=C2)OC5=CC(O)=CC(O)=C15
np_726	Polyporenic acid C	C31H46O4	17.6399	C[C@]12[C@@]([C@]([C@H](C(O)=O)CCC(C(C)C)=C)([H])[C@H](O)C1)(CC=C3C2=CC[C@](C4(C)C)([H])[C@@]3(CCC4=O)C)C
np_729	Asiatic acid	C30H48O5	13.3243	C[C@@]1(CO)[C@@H](O)[C@H](O)C[C@]2(C)[C@@]3([H])CC=C4[C@]5([H])[C@@H](C)[C@H](C)CC[C@@](C(O)=O)5CC[C@](C)4[C@@](C)3CC[C@@]12[H]
np_730	Rotundic acid	C30H48O5	13.4786	C[C@@]1(CO)[C@@H](O)CC[C@]2(C)[C@@]3([H])CC=C4[C@]5([H])[C@](C)(O)[C@H](C)CC[C@@](C(O)=O)5CC[C@](C)4[C@@](C)3CC[C@@]12[H]
np_731	Euscaphic acid	C30H48O5	13.989	OC([C@]12[C@]([C@](O)([C@H](C)CC2)C)([H])C3=CC[C@@]([C@@]4([C@@](C(C)([C@H](O)[C@H](O)C4)C)([H])CC5)C)([H])[C@]5(C)[C@]3(C)CC1)=O
np_732	Astragenol	C30H50O5	21.2964	C[C@]([C@]([C@](O[C@@H]1C(C)(O)C)(CC1)C)([H])[C@H]2O)(CC=C([C@]([C@]3([H])C4(C)C)(CC[C@@H]4O)C)[C@@]5([H])C[C@@H]3O)[C@]5(C2)C
np_733	Salvianolic acid C	C26H20O10	9.7914	OC1=C(O)C=CC(C[C@H](C(O)=O)OC(/C=C/C2=CC=C(O)C3=C2C=C(C4=CC(O)=C(O)C=C4)O3)=O)=C1
np_734	Iristectorin B	C23H24O12	7.669	O=C1C(C2=CC=C(O)C(OC)=C2)=COC3=CC(O[C@@H]4[C@@H]([C@H]([C@@H]([C@@H](CO)O4)O)O)O)=C(OC)C(O)=C13
np_735	Iristectorin A	C23H24O12	7.3534	O=C1C(C2=CC=C(OC)C(O)=C2)=COC3=CC(O[C@@H]4[C@@H]([C@H]([C@@H]([C@@H](CO)O4)O)O)O)=C(OC)C(O)=C13
np_736	Hibifolin	C21H18O14	7.4097	O[C@H]([C@H]([C@@H]([C@@H](C(O)=O)O1)O)O)[C@@H]1OC2=C3C(C(C(O)=C(C4=CC=C(O)C(O)=C4)O3)=O)=C(O)C=C2O
np_737	Poricoic acid A	C31H46O5	16.8188	C[C@]12[C@@]([C@]([C@H](C(O)=O)CCC(C(C)C)=C)([H])[C@H](O)C1)(CC=C3C2=CC[C@@H](C(C)=C)[C@]3(C)CCC(O)=O)C
np_738	Ursolic acid acetate	C32H50O4	22.4735	[H][C@]12C3=CC[C@]4([C@@](CC[C@]5(C(C)([C@H](CC[C@@]54C)OC(C)=O)C)[H])([C@@]3(CC[C@]1(CC[C@H]([C@@H]2C)C)C(O)=O)C)C)[H]
np_739	Aconine	C25H41NO9	4.8458	O[C@@H]1C[C@H](OC)[C@@]23[C@]([H])(C4)[C@]5([H])[C@@H](O)[C@@]4(O)[C@@H](OC)[C@H](O)[C@]5(O)[C@H]6[C@H](OC)[C@@]([H])2[C@]1(COC)CN(CC)[C@H]63
np_741	Qingyangshengenin	C28H36O8	9.5818	CC([C@]1(O)CC[C@]2(O)[C@]3(O)CC=C4C[C@@H](O)CC[C@]4(C)[C@@]3([H])C[C@@H](OC(C5=CC=C(O)C=C5)=O)[C@]12C)=O
np_742	Ilexgenin A	C30H46O6	14.8792	C[C@@]12C([C@@]3([H])[C@@](CC2)(CC[C@H]([C@]3(O)C)C)C(O)=O)=CC[C@@]4([H])[C@]1(CC[C@]5([H])[C@@]4(CC[C@@H]([C@]5(C)C(O)=O)O)C)C
np_743	Hypericin	C30H16O8	25.8711	O=C1C2=C(O)C=C(O)C3=C2C4=C(C5=C6C(O)=CC(C)=C5C7=C4C1=C(O)C=C7C)C8=C3C(O)=CC(O)=C8C6=O
np_745	Picroside II	C23H28O13	6.8223	O[C@H]([C@H]([C@@H]([C@@H](CO)O1)O)O)[C@@H]1O[C@H]2[C@@]3([H])[C@@]([C@H](OC(C4=CC=C(O)C(OC)=C4)=O)[C@@]5([H])[C@]3(CO)O5)([H])C=CO2
np_746	AKBA	C32H48O5	21.2964	C[C@@]([C@@](C1=C2)(CC[C@@](C)(CC[C@H]3C)[C@@]1([H])[C@H]3C)C)(CC[C@@]4([H])[C@@]5(C)C(O)=O)[C@@](C2=O)([H])[C@]4(CC[C@H]5OC(C)=O)C
np_747	Baohuoside I	C27H30O10	12.8094	OC1=CC(O)=C2C(OC(C3=CC=C(OC)C=C3)=C(O[C@H](O[C@@H](C)[C@H](O)[C@H]4O)[C@@H]4O)C2=O)=C1C/C=C(C)\C
np_748	Ganoderic acid D	C30H42O7	12.1772	CC1(C)C(CC[C@]2(C)C3=C([C@@]4(C(C[C@@H]([C@]4(CC3=O)C)[C@H](C)CC(CC(C)C(O)=O)=O)=O)C)[C@@H](O)C[C@@]12[H])=O
np_749	Cucurbitacin I	C30H42O7	11.4974	CC(C)(C1=CC[C@@]2([H])[C@@]3(C[C@@H](O)[C@@H]([C@]3(C4)C)[C@@](C)(O)C(/C=C/C(C)(O)C)=O)C)C(C(O)=C[C@@]1([H])[C@]2(C)C4=O)=O
np_750	Ganoderenic acid B	C30H42O7	10.7712	CC1(C)[C@@H](O)CC[C@]2(C)C3=C([C@@]4(C(C[C@H]([C@]4(CC3=O)C)/C(C)=C/C(CC(C)C(O)=O)=O)=O)C)[C@@H](O)CC12
np_751	3-O-Acetyl-16α-hydroxytrametenolic acid	C32H50O5	19.4505	CC1(C)[C@@H](OC(C)=O)CC[C@]2(C)C3=C([C@@]4(C[C@@H](O)[C@@H]([C@]4(CC3)C)[C@H](C(O)=O)CC/C=C(C)\C)C)CC[C@@]12[H]
np_752	SL 0101-1	C25H24O12	10.9664	OC1=CC(O)=C(C(C(O[C@@H]2O[C@@H](C)[C@H](OC(C)=O)[C@@H](OC(C)=O)[C@H]2O)=C(C3=CC=C(O)C=C3)O4)=O)C4=C1
np_753	3,4-Dicaffeoylquinic acid	C25H24O12	7.1007	O=C([C@@]1(O)C[C@@H](OC(/C=C/C2=CC=C(O)C(O)=C2)=O)[C@H](OC(/C=C/C3=CC=C(O)C(O)=C3)=O)[C@H](O)C1)O
np_754	Rottlerin	C30H28O8	22.3643	O=C(C1=C2C(C=CC(C)(C)O2)=C(O)C(CC3=C(O)C(C)=C(O)C(C(C)=O)=C3O)=C1O)/C=C/C4=CC=CC=C4
np_756	Cucurbitacin D	C30H44O7	10.7216	C[C@@]([C@@](CC=C(C(C)1C)[C@@]2([H])C[C@H](O)C1=O)([H])[C@@]2(C)C3=O)(C[C@@H](O)[C@]4([H])[C@@](C)(O)C(/C=C/C(C)(O)C)=O)[C@@]4(C3)C
np_757	Gossypol	C30H30O8	19.7473	O=CC1=C(O)C(O)=C(C(C)C)C2=CC(C)=C(C3=C(C)C=C4C(C(C)C)=C(O)C(O)=C(C=O)C4=C3O)C(O)=C12
np_759	Brusatol	C26H32O11	10.1096	CC([C@](C[C@@](O1)2[H])3[H])=C(O)C(C[C@]3(C)[C@]4([H])[C@]2(CO[C@@]5([C@@H](O)[C@@H]4O)C(OC)=O)[C@@]5([H])[C@@H](OC(/C=C(C)/C)=O)C1=O)=O
np_760	Cyasterone	C29H44O8	7.706	C[C@@]12[C@]([C@](C)([C@H](O)C[C@@H]3[C@@H](C)OC([C@H]3C)=O)O)([H])CC[C@@]1(O)C4=CC([C@]5([H])C[C@@H](O)[C@@H](O)C[C@]5(C)[C@@]4([H])CC2)=O
np_761	5,15-Diacetyl-3-benzoyllathyrol	C31H38O7	19.2076	CC(O[C@@]1(C(/C(C)=C\[C@@H](C2(C)C)[C@@H]2CCC3=C)=O)[C@]([C@H]3OC(C)=O)([H])[C@@H](OC(C4=CC=CC=C4)=O)[C@@H](C)C1)=O
np_763	Hypocrellin B	C30H24O9	17.2091	CC(C1)=C(C(C)=O)C(C2=C(C3=C(O)C=C4OC)C4=C5C(OC)=CC(O)=C6C5=C2C1=C(OC)C6=O)=C(OC)C3=O
np_765	Harringtonine	C28H37NO9	6.3119	O=C([C@@](CC(OC)=O)(O)CCC(C)(O)C)O[C@H]1[C@](C2=CC(OCO3)=C3C=C2CCN4CCC5)([H])[C@]45C=C1OC
np_766	Dehydroandrographolide succinate	C28H36O10	12.2128	O=C(OC[C@]1(C)[C@H](OC(CCC(O)=O)=O)CC[C@@]2(C)[C@H](/C=C/C3=CCOC3=O)C(CC[C@]12[H])=C)CCC(O)=O
np_768	Styraxlignolide F	C27H34O11	8.7831	COC1=C(O[C@@H]2O[C@@H]([C@@H](O)[C@H](O)[C@H]2O)CO)C=CC(C[C@H]3[C@@H](C(OC3)=O)CC4=CC(OC)=C(OC)C=C4)=C1
np_769	Arctiin	C27H34O11	8.7869	O[C@H]1[C@H](O)[C@@H](CO)O[C@@H](OC2=C(OC)C=C(C[C@H]3C(OC[C@@H]3CC4=CC(OC)=C(OC)C=C4)=O)C=C2)[C@@H]1O
np_770	Neriifolin	C30H46O8	11.6809	O[C@@]12[C@@]3([H])[C@@](CC[C@@]1([C@](C4=CC(OC4)=O)([H])CC2)C)([H])[C@@]5([C@](C[C@H](CC5)O[C@H]6[C@H]([C@@H]([C@H]([C@@H](O6)C)O)OC)O)([H])CC3)C
np_771	Periplocymarin	C30H46O8	11.5212	O[C@@]12[C@@]3([H])[C@@](CC[C@@]1([C@@H](C4=CC(OC4)=O)CC2)C)([H])[C@@]5([C@@](O)(C[C@@H](O[C@@]6([H])C[C@@H]([C@H](O)[C@@H](C)O6)OC)CC5)CC3)C
np_772	Amentoflavone	C30H18O10	11.117	O=C1C=C(C2=CC=C(O)C=C2)OC3=C(C4=CC(C5=CC(C6=C(O)C=C(O)C=C6O5)=O)=CC=C4O)C(O)=CC(O)=C13
np_773	Hinokiflavone	C30H18O10	13.1455	O=C1C=C(C2=CC=C(O)C=C2)OC3=CC(O)=C(OC4=CC=C(C5=CC(C6=C(O)C=C(O)C=C6O5)=O)C=C4)C(O)=C13
np_774	Oleuropein	C25H32O13	8.0547	OC[C@@H]1[C@@H](O)[C@H](O)[C@@H](O)[C@@](O[C@@H]2OC=C(C(OC)=O)[C@@H](CC(OCCC3=CC=C(O)C(O)=C3)=O)/C2=C\C)([H])O1
np_776	Homoharringtonine	C29H39NO9	6.9435	[H][C@@]12[C@](CCC3)(C=C(OC)[C@]2(OC([C@](CCCC(O)(C)C)(O)CC(OC)=O)=O)[H])N3CCC4=CC5=C(OCO5)C=C14
np_777	Hypocrellin A	C30H26O10	16.489	COC(C1=O)=C2C3=C(C1=C(C=C4OC)O)C4=C(C(OC)=CC(O)=C56)C5=C3C(CC(C)(O)C2C(C)=O)=C(OC)C6=O
np_779	Bruceantin	C28H36O11	12.0464	O=C([C@@]1([C@H]([C@H](O)[C@]2([H])[C@]3(C4)C)O)[C@@]([C@H](C5=O)OC(/C=C(C)/C(C)C)=O)([H])[C@@]2([C@@](O5)([H])C[C@@]3([H])C(C)=C(O)C4=O)CO1)OC
np_780	Isoliquiritin apioside	C26H30O13	7.9608	O=C(C1=C(C=C(O)C=C1)O)/C=C/C(C=C2)=CC=C2O[C@H](O[C@H](CO)[C@@H](O)[C@@H]3O)[C@]3([H])O[C@H]4[C@@H]([C@](CO)(O)CO4)O
np_782	Tracheloside	C27H34O12	7.987	O=C1OC[C@H](CC2=CC=C(OC)C(OC)=C2)[C@]1(CC3=CC=C(O[C@H]4[C@@H]([C@H]([C@@H]([C@@H](CO)O4)O)O)O)C(OC)=C3)O
np_783	Convallatoxin	C29H42O10	8.2148	O=C1OCC([C@H]2CC[C@]3(O)[C@]4([H])CC[C@]5(O)C[C@@H](O[C@H]6[C@@H]([C@@H]([C@H]([C@H](C)O6)O)O)O)CC[C@]5(C=O)[C@@]4([H])CC[C@]23C)=C1
np_784	Cucurbitacin E	C32H44O8	13.8441	O[C@H](C1)[C@@]([C@@](C)(O)C(/C=C/C(OC(C)=O)(C)C)=O)([H])[C@](C2)(C)[C@]1(C)[C@]3([H])CC=C4C(C)(C)C(C(O)=C[C@@]4([H])[C@]3(C)C2=O)=O
np_785	Cucurbitacin B	C32H46O8	12.9581	O[C@H](C1)[C@@]([C@@](C)(O)C(/C=C/C(OC(C)=O)(C)C)=O)([H])[C@](C2)(C)[C@]1(C)[C@]3([H])CC=C4C(C)(C)C([C@@H](O)C[C@@]4([H])[C@]3(C)C2=O)=O
np_786	Cucurbitacin IIa	C32H50O8	11.8427	C[C@@]([C@@](CC=C1[C@@]2([H])C[C@H](O)[C@@H](O)C1(C)C)([H])[C@@]2(C)C3=O)(C[C@@H](O)[C@]4([H])[C@@](C)(O)C(CCC(C)(C)OC(C)=O)=O)[C@@]4(C3)C
np_787	Isoschaftoside	C26H28O14	6.2599	O=C1C=C(C2=CC=C(O)C=C2)OC3=C([C@H]4[C@@H]([C@H]([C@@H]([C@@H](CO)O4)O)O)O)C(O)=C([C@H]5[C@@H]([C@H]([C@H](CO5)O)O)O)C(O)=C13
np_788	Isoginkgetin	C32H22O10	14.1715	O=C1C=C(C2=CC=C(OC)C=C2)OC3=C(C4=CC(C5=CC(C6=C(O)C=C(O)C=C6O5)=O)=CC=C4OC)C(O)=CC(O)=C13
np_790	Astin C	C25H33Cl2N5O6	9.1914	O=C(N[C@@H](CC)C(N[C@@H](CO)C(NC(C1=CC=CC=C1)C2)=O)=O)[C@@]([C@H](Cl)[C@H](Cl)C3)([H])N3C([C@H](CC)NC2=O)=O
np_791	Kalii Dehydrographolidi Succinas	C28H35KO10	8.6533	O=C(OC[C@]1(C)[C@H](OC(CCC(O)=O)=O)CC[C@@]2(C)[C@H](/C=C/C3=CCOC3=O)C(CC[C@]12[H])=C)CCC(O[K])=O
np_792	Ganoderic acid F	C32H42O9	12.6245	CC(C)([C@](C1)2[H])C(CC[C@]2(C)C3=C([C@@]4(C(C[C@@H]([C@]4([C@H](OC(C)=O)C3=O)C)[C@H](C)CC(CC(C)C(O)=O)=O)=O)C)C1=O)=O
np_794	Podophyllotoxin glucoside	C28H32O13	9.0713	O=C1[C@]([C@]2([H])CO1)([H])[C@@](C(C=C3OC)=CC(OC)=C3OC)([H])C4=CC(OCO5)=C5C=C4[C@@H]2O[C@@H]([C@@H]([C@H]6O)O)O[C@@H]([C@H]6O)CO
np_795	Oleandrin	C32H48O9	12.8681	O=C1OCC([C@H]2[C@@H](OC(C)=O)C[C@]3(O)[C@]4([H])CC[C@]5([H])C[C@@H](O[C@H]6C[C@@H]([C@H]([C@H](C)O6)O)OC)CC[C@]5(C)[C@@]4([H])CC[C@]23C)=C1
np_797	Procyanidin B2	C30H26O12	5.246	O[C@H]1[C@@H](C2=CC=C(O)C(O)=C2)OC3=CC(O)=CC(O)=C3[C@@H]1C4=C5C(C[C@@H](O)[C@@H](C6=CC=C(O)C(O)=C6)O5)=C(O)C=C4O
np_799	Kaempferitrin	C27H30O14	6.9346	O=C1C(O[C@H](O[C@@H](C)[C@H](O)[C@H]2O)[C@@H]2O)=C(C3=CC=C(O)C=C3)OC4=CC(O[C@H](O[C@@H](C)[C@H](O)[C@H]5O)[C@@H]5O)=CC(O)=C14
np_800	Isoviolanthin	C27H30O14	6.5286	OC1=C([C@H]2[C@@H]([C@@H]([C@@H](O)[C@H](C)O2)O)O)C(O)=C(C(C=C(C3=CC=C(O)C=C3)O4)=O)C4=C1[C@@H]5O[C@@H]([C@@H](O)[C@H](O)[C@H]5O)CO
np_801	Rhoifolin	C27H30O14	7.4037	O=C(C=C(C1=CC=C(O)C=C1)OC2=CC(O[C@H](O[C@H](CO)[C@@H](O)[C@@H]3O)[C@@H]3O[C@@](O[C@@H](C)[C@H](O)[C@H]4O)([H])[C@@H]4O)=C5)C2=C5O
np_803	Naringin	C27H32O14	7.3874	O=C1C[C@@H](C2=CC=C(O)C=C2)OC3=CC(O[C@H]4[C@@H]([C@H]([C@@H]([C@@H](CO)O4)O)O)O[C@@]5([H])[C@@H]([C@@H]([C@H]([C@H](C)O5)O)O)O)=CC(O)=C13
np_804	Amarogentin	C29H30O13	8.3193	C=C[C@H]([C@@]1([H])C(C(OCC1)=O)=CO2)[C@@H]2O[C@@](O[C@H](CO)[C@@H](O)[C@@H]3O)([H])[C@@H]3OC(C4=C(C5=CC(O)=CC=C5)C=C(O)C=C4O)=O
np_806	Etoposide	C29H32O13	9.198	O=C1OC[C@]2([H])[C@H](O[C@H]3[C@@H]([C@H]([C@@H]4O[C@H](C)OC[C@H]4O3)O)O)C5=C(C=C6OCOC6=C5)[C@@H](C7=CC(OC)=C(O)C(OC)=C7)[C@]21[H]
np_808	Imperialine 3-β-D-glucoside	C33H53NO8	6.379	C[C@]1([C@]2([H])C[C@@H](O[C@]3([H])O[C@@H]([C@@H](O)[C@H](O)[C@H]3O)CO)CC1)[C@]4([H])[C@](CC2=O)([H])[C@@]5([H])[C@@]([C@@]6([H])[C@@]([C@](O)([C@@]7([H])N(C[C@@H](C)CC7)C6)C)([H])CC5)([H])C4
np_809	Oroxin B	C27H30O15	7.3944	O=C1C=C(C2=CC=CC=C2)OC3=CC(O[C@H]4[C@@H]([C@H]([C@@H]([C@@H](CO[C@H]5[C@@H]([C@H]([C@@H]([C@@H](CO)O5)O)O)O)O4)O)O)O)=C(O)C(O)=C13
np_810	Didymin	C28H34O14	8.9297	O=C1C[C@@H](C2=CC=C(OC)C=C2)OC3=CC(O[C@H]4[C@@H]([C@H]([C@@H]([C@@H](CO[C@H]5[C@@H]([C@@H]([C@H]([C@H](C)O5)O)O)O)O4)O)O)O)=CC(O)=C13
np_811	Eriocitrin	C27H32O15	6.5255	O=C(C[C@@H](C1=CC(O)=C(O)C=C1)OC2=CC(O[C@@H]([C@@H]([C@@H](O)[C@@H]3O)O)O[C@@H]3CO[C@H](O[C@@H](C)[C@H](O)[C@H]4O)[C@@H]4O)=C5)C2=C5O
np_812	Amaroswerin	C29H30O14	7.998	C=C[C@@H]1[C@]2(C(C(OCC2)=O)=CO[C@H]1O[C@H]3[C@@H]([C@H]([C@@H]([C@H](O3)CO)O)O)OC(C4=C(C5=CC(O)=CC=C5)C=C(C=C4O)O)=O)O
np_813	Garcinol	C38H50O6	22.9098	C/C(C)=C\C[C@@H](C[C@]12C([C@](C(C)([C@@H](C2)C/C=C(C)\C)C)(C/C=C(C)\C)C(C(C(C3=CC(O)=C(C=C3)O)=O)=C1O)=O)=O)C(C)=C
np_816	Ziyuglycoside II	C35H56O8	13.7478	C[C@@H]1CC[C@@](CC[C@]2(C)C3=CC[C@@]4([H])[C@@]2(C)CC[C@]5([H])[C@]4(C)CC[C@H](O[C@@]6([H])[C@H](O)[C@@H](O)[C@@H](O)CO6)C5(C)C)(C(O)=O)[C@@]3([H])[C@]1(C)O
np_818	Cepharanthine	C37H38N2O6	7.1982	[H][C@]12N(C)CCC(C1=C3)=CC(OC)=C3OC4=C5C(OCO5)=CC6=C4[C@](N(C)CC6)([H])CC(C=C7)=CC=C7OC8=C(OC)C=CC(C2)=C8
np_819	Diosmin	C28H32O15	7.5153	O=C1C=C(C2=CC=C(OC)C(O)=C2)OC3=CC(O[C@H]4[C@@H]([C@H]([C@@H]([C@@H](CO[C@H]5[C@@H]([C@@H]([C@H]([C@H](C)O5)O)O)O)O4)O)O)O)=CC(O)=C13
np_820	Reserpine	C33H40N2O9	10.9101	O=C([C@H]([C@@H](OC)[C@H](OC(C1=CC(OC)=C(OC)C(OC)=C1)=O)C[C@]2([H])CN3CC4)[C@@]2([H])C[C@]3([H])C5=C4C(C=CC(OC)=C6)=C6N5)OC
np_821	(R)-Fangchinoline	C37H40N2O6	6.9437	OC1=C(OC2=CC([C@]3([H])CC(C=C4)=CC=C4O5)=C(CCN3C)C=C2OC)C([C@@](N6C)([H])CC7=CC=C(OC)C5=C7)=C(CC6)C=C1OC
np_822	Fangchinoline	C37H40N2O6	6.9482	OC1=C(OC2=CC([C@]3([H])CC(C=C4)=CC=C4O5)=C(CCN3C)C=C2OC)C([C@](N6C)([H])CC7=CC=C(OC)C5=C7)=C(CC6)C=C1OC
np_823	Berbamine	C37H40N2O6	6.5096	COC1=C(OC2=CC([C@]3([H])CC(C=C4)=CC=C4O5)=C(CCN3C)C=C2OC)C([C@@]6([H])CC7=CC=C(O)C5=C7)=C(CCN6C)C=C1OC
np_824	Rutin	C27H30O16	6.5964	O=C1C(O[C@H]2[C@@H]([C@H]([C@@H]([C@@H](CO[C@H]3[C@@H]([C@@H]([C@H]([C@H](C)O3)O)O)O)O2)O)O)O)=C(C4=CC=C(O)C(O)=C4)OC5=CC(O)=CC(O)=C15
np_825	Hesperidin	C28H34O15	7.5585	OC1=C(OC)C=CC([C@@H]2CC(C3=C(C=C(O[C@@H]4O[C@H](CO[C@@H]5O[C@@H](C)[C@H](O)[C@@H](O)[C@H]5O)[C@@H](O)[C@H](O)[C@H]4O)C=C3O)O2)=O)=C1
np_826	Daurisoline	C37H42N2O6	6.3559	OC1=CC2=C(C=C1OC)CCN(C)[C@@H]2CC3=CC=C(O)C(OC4=CC=C(C[C@H]5N(C)CCC6=C5C=C(OC)C(OC)=C6)C=C4)=C3
np_827	Liensinine	C37H42N2O6	5.8367	OC1=CC=C(C[C@H]2N(C)CCC3=C2C=C(OC)C(OC)=C3)C=C1OC4=CC5=C(C=C4OC)CCN(C)[C@@H]5CC6=CC=C(O)C=C6
np_828	Isoliensinine	C37H42N2O6	6.1682	OC1=CC2=C(C=C1OC)CCN(C)[C@@H]2CC3=CC=C(O)C(OC4=CC5=C(C=C4OC)CCN(C)[C@@H]5CC6=CC=C(OC)C=C6)=C3
np_829	Hydroxysafflor yellow A	C27H32O16	4.9069	OC(C(O)=C1C(/C=C/C2=CC=C(O)C=C2)=O)([C@]([C@@H]([C@@H](O)[C@@H]3O)O)([H])O[C@@H]3CO)C(O)=C([C@@H]([C@@H]([C@@H](O)[C@@H]4O)O)O[C@@H]4CO)C1=O
np_831	Prosaikogenin D	C36H58O8	13.1092	O[C@H]([C@H]([C@H]([C@@H](C)O1)O)O)[C@@H]1O[C@@H]2CC[C@]3(C)[C@@]4([H])C=CC5=C6CC(C)(C)CC[C@@](CO)6[C@@H](O)C[C@](C)5[C@@](C)4CC[C@]([H])3[C@@]2(C)CO
np_833	Cycleanine	C38H42N2O6	7.3942	COC1=C(OC2=CC=C(C[C@](N(CC3)C)([H])C4=C3C=C5OC)C=C2)C([C@@](N6C)([H])CC7=CC=C(OC4=C5OC)C=C7)=C(CC6)C=C1OC
np_834	Tetrandrine	C38H42N2O6	7.3958	COC1=CC(CCN(C)[C@@]2([H])CC3=CC(O4)=C(OC)C=C3)=C2C(OC5=C(OC)C=C6C([C@]([H])(CC7=CC=C4C=C7)N(C)CC6)=C5)=C1OC
np_835	20(R)-Ginsenoside Rh2	C36H62O8	16.7556	O[C@H]([C@H]([C@@H]([C@@H](CO)O1)O)O)[C@@H]1O[C@H]2CC[C@]3(C)[C@@]4([H])C[C@@H](O)[C@@H]5[C@@H]([C@](C)(O)CC/C=C(C)\C)CC[C@](C)5[C@@](C)4CC[C@@]3([H])C2(C)C
np_837	Complanatuside	C28H32O16	7.722	O=C1C(O[C@H]2[C@@H]([C@H]([C@@H]([C@@H](CO)O2)O)O)O)=C(C3=CC=C(O[C@H]4[C@@H]([C@H]([C@@H]([C@@H](CO)O4)O)O)O)C=C3)OC5=CC(OC)=CC(O)=C15
np_842	Dauricine	C38H44N2O6	6.6159	OC1=CC=C(C[C@H]2N(C)CCC3=C2C=C(OC)C(OC)=C3)C=C1OC4=CC=C(C[C@H]5N(C)CCC6=C5C=C(OC)C(OC)=C6)C=C4
np_843	Gambogic Acid	C38H44O8	22.0536	O=C(O)/C(C)=C\C[C@@]1(C2=O)OC(C)(C)[C@@](C[C@@]2([H])C=C34)([H])[C@]31OC5=C(C(O)=C(C=C[C@](CC/C=C(C)/C)(C)O6)C6=C5C/C=C(C)\C)C4=O
np_844	9-Dihydro-13-acetylbaccatin III	C33H42O12	11.782	O[C@@H](C1)[C@]2(C)[C@]([C@@]3(OC(C)=O)[C@]1([H])OC3)([H])[C@H](OC(C4=CC=CC=C4)=O)[C@]5(O)C[C@H](OC(C)=O)C(C)=C(C(C)5C)[C@@H](OC(C)=O)[C@@H]2O
np_845	Gambogenic acid	C38H46O8	20.8919	O=C(O)/C(C)=C\C[C@@]1(C2=O)OC(C)(C)[C@]([C@]31OC4=C5C(O)=C(C/C=C(C)/CC/C=C(C)\C)C(O)=C4C/C=C(C)\C)([H])C[C@@]2([H])C=C3C5=O
np_846	Corilagin	C27H22O18	5.4079	OC1=C(C2=C(C(OC[C@H]3O[C@@H](OC(C4=CC(O)=C(O)C(O)=C4)=O)[C@@H](O)[C@@H]([C@H]3O)OC5=O)=O)C=C(O)C(O)=C2O)C5=CC(O)=C1O
np_847	Luteolin 7-diglucuronide	C27H26O18	5.9186	O[C@@H]([C@@H]([C@@H](C(O)=O)O1)O)[C@@H](O[C@H]2[C@@H]([C@H]([C@@H]([C@@H](C(O)=O)O2)O)O)O)[C@@H]1OC3=CC(O)=C4C(C=C(C5=CC=C(O)C(O)=C5)OC4=C3)=O
np_848	Ginsenoside F1	C36H62O9	11.4338	C[C@]([C@@](C[C@H]1O)([H])[C@]2(CC[C@@H]3O)C)(C[C@H](O)[C@@]2([H])C3(C)C)[C@]4([C@@]1([H])[C@]([C@@](CC/C=C(C)/C)(C)O[C@@H]([C@@H]([C@@H](O)[C@@H]5O)O)O[C@@H]5CO)([H])CC4)C
np_849	(20R)-Ginsenoside Rh1	C36H62O9	10.9455	O[C@H]([C@H]([C@@H]([C@@H](CO)O1)O)O)[C@@H]1O[C@@H]2[C@@]3([H])C(C)(C)[C@@H](O)CC[C@]3(C)[C@@]4([H])C[C@@H](O)[C@@H]5[C@@H]([C@](C)(O)CC/C=C(C)\C)CC[C@](C)5[C@@](C)4C2
np_850	Mogroside I E1	C36H62O9	10.84	C[C@]12[C@](CC=C3[C@@]2([H])CC[C@H](O[C@]4([H])O[C@@H]([C@@H](O)[C@H](O)[C@H]4O)CO)C3(C)C)([H])[C@]5([C@@](C)([C@]([C@H](C)CC[C@@H](O)C(C)(O)C)([H])CC5)C[C@H]1O)C
np_852	Steviolbioside	C32H50O13	11.0362	C[C@]12[C@@]3([H])[C@@](C4)(CC[C@]1([H])[C@@](C)(CCC2)C(O)=O)C[C@@](C4=C)(O[C@@]5([H])[C@@H]([C@H]([C@H](O)[C@@H](CO)O5)O)O[C@]6([H])O[C@@H]([C@@H](O)[C@H](O)[C@H]6O)CO)CC3
np_855	Pseudoginsenoside RT5	C36H62O10	10.291	C[C@]([C@@](C[C@H]1O)([H])[C@]2(CC[C@@H]3O)C)(C[C@H](O[C@]([C@@H]([C@@H](O)[C@@H]4O)O)([H])O[C@@H]4CO)[C@@]2([H])C3(C)C)[C@]5([C@@]1([H])[C@]([C@]6(O[C@@H](C(C)(O)C)CC6)C)([H])CC5)C
np_857	Taccalonolide B	C34H44O13	13.155	C[C@]1([C@]2([H])C[C@H](O3)[C@H]3[C@@H]1OC(C)=O)[C@]4([H])[C@]([C@@H](O)C2=O)([H])[C@@]5([H])[C@@](C)([C@]6([H])[C@@]([C@](C(OC7=O)=C[C@H]6C)([C@@]7(O)C)C)([H])[C@@H]5O)[C@@H](OC(C)=O)[C@H]4OC(C)=O
np_858	23-epi-26-Deoxyactein	C37H56O10	12.7684	C[C@]([C@]12C)(C[C@@](O[C@]([C@@](O3)([H])[C@@]43C)(OC4)C5)([H])[C@]2([H])[C@@H]5C)[C@@](CC6)([H])[C@@]7(C[C@H]1OC(C)=O)[C@]([C@]6([H])C8(C)C)(CC[C@@H]8O[C@H](OC[C@H]9O)[C@@H]([C@H]9O)O)C7
np_859	Azadirachtin B	C33H42O14	11.366	C[C@@]1([C@@]([C@H]2C(OC)=O)([H])[C@]([C@H](C[C@H]3OC(/C(C)=C/C)=O)O)(CO2)[C@@]4([H])[C@](OC[C@@]43C(OC)=O)([H])[C@H]1O)[C@]([C@@H](O[C@]5([H])OC=C6)C[C@H]7[C@]56O)(O8)[C@]78C
np_861	Tubuloside B	C31H38O16	8.1698	CC(O[C@@H]([C@@H](O1)OCCC(C=C2)=CC(O)=C2O)[C@H]([C@@H]([C@H]1COC(/C=C/C(C=C3)=CC(O)=C3O)=O)O)O[C@H](O[C@H]4C)[C@@H]([C@@H]([C@H]4O)O)O)=O
np_862	Icariin	C33H40O15	9.3566	O[C@H]1[C@H](O)[C@@H](CO)O[C@@H](OC2=C(C/C=C(C)/C)C(OC(C3=CC=C(OC)C=C3)=C(O[C@@H]4O[C@@H](C)[C@H](O)[C@@H](O)[C@H]4O)C5=O)=C5C(O)=C2)[C@@H]1O
np_864	Agrimol B	C37H46O12	21.0062	CC[C@H](C)C(C1=C(O)C(CC2=C(O)C(C(CCC)=O)=C(OC)C(C)=C2O)=C(O)C(CC3=C(O)C(C(CCC)=O)=C(OC)C(C)=C3O)=C1O)=O
np_865	3-O-Beta-D-Glucopyranosylplatycodigenin	C36H58O12	10.3144	OCC1([C@@]2([H])[C@@]([C@]3([H])[C@](C)([C@]4(C([C@@]5([H])[C@](C(O)=O)(CCC(C)(C)C5)[C@H](O)C4)=CC3)C)CC2)(C[C@H](O)[C@@H]1O[C@]6([H])O[C@@H]([C@@H](O)[C@H](O)[C@H]6O)CO)C)CO
np_866	Specneuzhenide	C31H42O17	7.1405	C/C=C1[C@@H](C(C(OC)=O)=CO[C@H]/1O[C@@H]2O[C@@H]([C@H]([C@@H]([C@H]2O)O)O)CO)CC(OC[C@H]3O[C@H]([C@@H]([C@H]([C@@H]3O)O)O)OCCC4=CC=C(C=C4)O)=O
np_867	Flaconitine	C36H49NO12	10.7334	CO[C@@H]1C2([C@@](C[C@@]3(O)[C@@H]4OC(C5=CC=CC=C5)=O)([H])[C@@]4([H])[C@](OC(C)=O)([C@@H](O)[C@@H]3OC)C6C2N(CC)C7)[C@@]([C@H]6OC)([H])[C@@]7(COC)[C@H](OC(C)=O)C1
np_868	Maytansine	C34H46ClN3O10	12.244	C[C@]12[C@@]([C@@H]([C@]3([H])C[C@]([C@@H](/C=C/C=C(CC4=CC(N(C(C[C@@H]2OC([C@H](C)N(C)C(C)=O)=O)=O)C)=C(C(OC)=C4)Cl)\C)OC)(NC(O3)=O)O)C)([H])O1
np_869	Periplocin	C36H56O13	9.3201	O=C1OCC([C@H]2CC[C@]3(O)[C@]([C@]4([H])CC[C@@]32C)([H])CC[C@]([C@]4(C)CC5)(O)C[C@H]5O[C@@](O[C@@H]6C)([H])C[C@H](OC)[C@@H]6O[C@]7([H])O[C@H](CO)[C@@H](O)[C@H](O)[C@H]7O)=C1
np_870	Taccalonolide A	C36H46O14	12.4262	C[C@@]12[C@]([C@@H](OC(C)=O)[C@]3([H])[C@]2([H])[C@@H](C=C(O4)[C@@]3([C@](O)(C4=O)C)C)C)([H])[C@@]([C@H]5O)([H])[C@]([C@]6([C@H]([C@@H](O7)[C@@H]7C[C@]6([H])C5=O)OC(C)=O)C)([H])[C@H](OC(C)=O)[C@@H]1OC(C)=O
np_871	Voacamine	C43H52N4O5	8.6672	O=C(OC)[C@]1([C@@H]2[N@](CC(C[C@H]2CC)C1)CC3)C4=C3C(C=C5OC)=C(N4)C=C5[C@](C[C@@H]6[C@H](C(OC)=O)[C@H](N(C)C/C6=C/C)C7)([H])C8=C7C9=C(N8)C=CC=C9
np_872	Sanggenon C	C40H36O12	15.2877	C/C(C)=C/C[C@](C1=CC=C(O)C=C1O2)(OC3=CC(O)=C([C@@H](C=C(C)C[C@@H]4C(C=CC(O)=C5)=C5O)[C@@H]4C(C(C=CC(O)=C6)=C6O)=O)C(O)=C3C7=O)[C@]27O
np_874	Theaflavin-3-gallate	C36H28O16	8.8981	O=C(O[C@H]1[C@@H](C(C=C2O)=CC3=C([C@@H]4[C@H](O)CC5=C(O)C=C(O)C=C5O4)C=C(O)C(O)=C3C2=O)OC6=CC(O)=CC(O)=C6C1)C7=CC(O)=C(O)C(O)=C7
np_876	Khasianine	C39H63NO11	9.3402	C[C@@H]1[C@@]2(CC[C@@H](C)CN2)O[C@](C[C@@]3([H])[C@@](CC=C4[C@@]5(CC[C@H](O[C@]([C@@H]([C@@H](O)[C@@H]6O[C@@](O[C@@H](C)[C@H](O)[C@H]7O)([H])[C@@H]7O)O)([H])O[C@@H]6CO)C4)C)([H])[C@]5([H])CC8)([H])[C@@]1([H])[C@]38C
np_877	Prosapogenin A	C39H62O12	15.3898	C[C@@]12[C@]3([H])[C@](O[C@]4(CC[C@@H](C)CO4)[C@H]3C)([H])C[C@@]1([H])[C@@]5([H])[C@]([C@@]6(C(C[C@@H](O[C@@]7([H])[C@@H]([C@H]([C@H](O)[C@@H](CO)O7)O)O[C@@]8([H])[C@@H]([C@@H]([C@@H](O)[C@H](C)O8)O)O)CC6)=CC5)C)([H])CC2
np_879	Polyphyllin VI	C39H62O13	13.0567	O[C@]1([C@@]2([H])O[C@]3(CC[C@@H](C)CO3)[C@H]1C)[C@]([C@@]4([H])C2)(CC[C@@]5([H])[C@@]4([H])CC=C6[C@@]5(CC[C@H](O[C@@](O[C@H](CO)[C@@H](O)[C@@H]7O)([H])[C@@H]7O[C@@](O[C@@H](C)[C@H](O)[C@H]8O)([H])[C@@H]8O)C6)C)C
np_880	Timosaponin AIII	C39H64O13	14.2634	C[C@@]12[C@]([C@@H]3C)([H])[C@](O[C@]34CC[C@H](C)CO4)([H])C[C@@]1([H])[C@@](CC[C@@]5([H])[C@@]6(CC[C@H](O[C@@](O[C@H](CO)[C@H](O)[C@@H]7O)([H])[C@@H]7O[C@]([C@@H]([C@@H](O)[C@@H]8O)O)([H])O[C@@H]8CO)C5)C)([H])[C@]6([H])CC2
np_881	Troxerutin	C33H42O19	6.9128	O=C1C(O[C@H]2[C@@H]([C@H]([C@@H]([C@@H](CO[C@H]3[C@@H]([C@@H]([C@H]([C@H](C)O3)O)O)O)O2)O)O)O)=C(C4=CC=C(OCCO)C(OCCO)=C4)OC5=CC(OCCO)=CC(O)=C15
np_882	Kuwanon H	C45H44O11	15.0888	OC1=CC(O)=C(C(C(C/C=C(C)/C)=C(C2=C(C=C(O)C=C2)O)O3)=O)C3=C1[C@@H]4[C@H]([C@H](C5=C(C=C(O)C=C5)O)CC(C)=C4)C(C6=C(C(C/C=C(C)/C)=C(O)C=C6)O)=O
np_883	Picfeltarraenin IA	C41H62O13	12.071	CC(C)(C1=CC[C@@]2([H])[C@@]3(C[C@@H](O)[C@]([C@]3(C4)C)([H])[C@@](C)(O5)C(C=C5C(C)C)=O)C)[C@H](O[C@H]6[C@@H]([C@H]([C@@H](CO6)O)O)O[C@H]7[C@@H]([C@@H]([C@H]([C@H](C)O7)O)O)O)CC[C@@]1([H])[C@]2(C)C4=O
np_884	Momordin Ic	C41H64O13	14.2532	CC1(C)CC[C@@](CC[C@]2(C)C3=CC[C@@]4([H])[C@@]2(C)CC[C@]5([H])[C@]4(C)CC[C@H](O[C@]6([H])O[C@H](C(O)=O)[C@@H](O)[C@H](O[C@]7([H])OC[C@@H](O)[C@H](O)[C@H]7O)[C@H]6O)C5(C)C)(C(O)=O)[C@@]3([H])C1
np_886	Ginsenoside Rg6	C42H70O12	12.794	C[C@]([C@@](C[C@H]1O)([H])[C@]2(CC[C@@H]3O)C)(C[C@H](O[C@@](O[C@H](CO)[C@@H](O)[C@@H]4O)([H])[C@@H]4O[C@@](O[C@@H](C)[C@H](O)[C@H]5O)([H])[C@@H]5O)[C@@]2([H])C3(C)C)[C@]6([C@@]1([H])[C@@H](C(CC/C=C(C)/C)=C)CC6)C
np_887	Ginsenoside Rk1	C42H70O12	15.7629	C[C@]12[C@@](C[C@@H](O)[C@@]3([H])[C@]2(CC[C@@H]3C(CC/C=C(C)/C)=C)C)([H])[C@@]4([C@@](C(C)([C@@H](O[C@@]5([H])[C@@H]([C@H]([C@H](O)[C@@H](CO)O5)O)O[C@]6([H])O[C@@H]([C@@H](O)[C@H](O)[C@H]6O)CO)CC4)C)([H])CC1)C
np_888	Ginsenoside Rg5	C42H70O12	10.6326	C[C@@]([C@@]12C)(CC[C@@]3([H])C4(C)C)[C@@](C[C@@H](O)[C@]1([H])[C@@H](/C(C)=C/C/C=C(C)\C)CC2)([H])[C@]3(CC[C@@H]4O[C@@](O[C@H](CO)[C@@H](O)[C@@H]5O)([H])[C@@H]5O[C@]([C@@H]([C@@H](O)[C@@H]6O)O)([H])O[C@@H]6CO)C
np_889	Ginsenoside F5	C41H70O13	10.5246	C[C@@]([C@@]([C@@]1([H])[C@@]2([H])[C@@](CC/C=C(C)/C)(C)O[C@@H]([C@@H]([C@H]3O)O)O[C@@H]([C@H]3O)CO[C@@H]([C@@H]([C@H]4O)O)O[C@H]4CO)(CC2)C)(C[C@@H]5O)[C@@](C[C@H]1O)([H])[C@]([C@]5([H])C6(C)C)(CC[C@@H]6O)C
np_890	Heterophyllin B	C40H58N8O8	10.3976	O=C([C@@](CCC1)([H])N1C([C@](NC(CNC(CNC2=O)=O)=O)([H])CC(C)C)=O)N(CCC3)[C@]3([H])C(N(CCC4)[C@]4([H])C(N[C@@](C(N[C@H]2CC5=CC=CC=C5)=O)([H])[C@@H](C)CC)=O)=O
np_891	Saikosaponin A	C42H68O13	12.194	OC[C@H]1O[C@](O[C@@H]2[C@@H](O)[C@@](O[C@@H]3[C@@](C)(CO)[C@@](CC[C@]4(C)[C@]5([H])C=C[C@@]6(OC7)[C@@]4(C)C[C@H](O)[C@]87[C@@]6([H])CC(C)(C)CC8)([H])[C@]5(C)CC3)([H])O[C@H](C)[C@@H]2O)([H])[C@H](O)[C@@H](O)[C@@H]1O
np_892	Saikosaponin D	C42H68O13	13.8615	CC1(C)CC[C@]2(CO3)[C@H](O)C[C@@]4(C)[C@]([C@]5([H])C=C[C@]43[C@]2([H])C1)(C)CC[C@@]([C@]5(C)CC6)([H])[C@@](CO)(C)[C@H]6O[C@@](O[C@H](C)[C@@H]7O)([H])[C@H](O)[C@H]7O[C@@]8([H])[C@H](O)[C@@H](O)[C@H](O)[C@@H](CO)O8
np_893	Saikosaponin B2	C42H68O13	12.2315	OC[C@@]1(C)[C@]2([H])CC[C@@]3(C)[C@]4(C)C[C@@H](O)[C@@]5(CO)CCC(C)(C)CC5=C4C=C[C@]3([H])[C@@]2(C)CC[C@@H]1O[C@]6([H])O[C@H](C)[C@H](O)[C@H](O[C@]7([H])O[C@H](CO)[C@@H](O)[C@H](O)[C@H]7O)[C@H]6O
np_896	Damulin B	C42H70O13	14.6505	O[C@@H]([C@@H]([C@@H](CO)O1)O)[C@@H](O[C@H]2[C@@H]([C@H]([C@@H]([C@@H](CO)O2)O)O)O)[C@@H]1O[C@H]3[C@H](O)C[C@]4(C)[C@@]5([H])C[C@@H](O)[C@@H]6[C@@H](C(CC/C=C(C)\C)=C)CC[C@@]6(C)[C@@](C)5CC[C@@]4([H])C3(C)C
np_898	(20R)-Ginsenoside Rg3	C42H72O13	14.0902	O[C@@H]([C@@H]([C@@H](CO)O1)O)[C@@H](O[C@H]2[C@@H]([C@H]([C@@H]([C@@H](CO)O2)O)O)O)[C@@H]1O[C@H]3CC[C@]4(C)[C@@]5([H])C[C@@H](O)[C@]6([H])[C@@H]([C@](C)(O)CC/C=C(C)\C)CC[C@](C)6[C@@](C)5CCC4C3(C)C
np_899	Ginsenoside Rg2	C42H72O13	10.6261	C[C@]([C@@](C[C@H]1O)([H])[C@]2(CC[C@@H]3O)C)(C[C@H](O[C@@](O[C@H](CO)[C@@H](O)[C@@H]4O)([H])[C@@H]4O[C@@](O[C@@H](C)[C@H](O)[C@H]5O)([H])[C@@H]5O)[C@@]2([H])C3(C)C)[C@]6([C@@]1([H])[C@]([C@@](C)(O)CC/C=C(C)/C)([H])CC6)C
np_900	20(S)-Ginsenoside Rg3	C42H72O13	13.9186	O[C@@H]([C@@H]([C@@H](CO)O1)O)[C@@H](O[C@H]2[C@@H]([C@H]([C@@H]([C@@H](CO)O2)O)O)O)[C@@H]1O[C@H]3CC[C@]4(C)[C@@]5([H])C[C@@H](O)[C@]6([H])[C@@H](C(C)(O)CC/C=C(C)\C)CC[C@](C)6[C@@](C)5CCC4C3(C)C
np_901	20(R)-Ginsenoside Rg2	C42H72O13	10.7435	C[C@]12[C@@]3(C)[C@]([C@](CC[C@H](O)C4(C)C)(C)[C@@]4([H])[C@@H](O[C@H]5[C@H](O[C@H]6[C@H](O)[C@H](O)[C@@H](O)[C@H](C)O6)[C@@H](O)[C@H](O)[C@@H](CO)O5)C3)([H])C[C@@H](O)[C@]1([H])[C@]([C@@](CC/C=C(C)/C)(O)C)([H])CC2
np_902	Ginsenoside F2	C42H72O13	13.3152	C[C@@]([C@@]12C)(CC[C@@]3([H])C4(C)C)[C@@](C[C@@H](O)[C@]1([H])[C@]([C@@](CC/C=C(C)/C)(C)O[C@@H]([C@@H]([C@@H](O)[C@@H]5O)O)O[C@@H]5CO)([H])CC2)([H])[C@]3(CC[C@@H]4O[C@]([C@@H]([C@@H](O)[C@@H]6O)O)([H])O[C@@H]6CO)C
np_903	Picfeltarraenin IB	C42H64O14	11.1618	C[C@]([C@]([C@]1(OC(C(C)C)=CC1=O)C)([H])[C@H](O)C2)(CC3=O)[C@@]2([C@@](CC=C4[C@@]5([H])CC[C@@H](O[C@@](O[C@H](CO)[C@@H](O)[C@@H]6O)([H])[C@@H]6O[C@@](O[C@@H](C)[C@H](O)[C@H]7O)([H])[C@@H]7O)C4(C)C)([H])[C@@]35C)C
np_904	Tenacissoside G	C42H64O14	14.7676	C[C@@]([C@@H]([C@@H](OC(/C(C)=C/C)=O)[C@]1([H])[C@]23C)OC(C)=O)([C@@H]4C(C)=O)[C@]5(CC4)[C@@]1(CC[C@@]2([H])C[C@@H](O[C@@](O[C@H](C)[C@H]6O[C@@](O[C@H](C)[C@@H](O)[C@H]7OC)([H])[C@@H]7O)([H])C[C@H]6OC)CC3)O5
np_905	Tenacissoside H	C42H66O14	15.3148	C[C@@]([C@@H]([C@@H](OC(C(C)CC)=O)[C@]1([H])[C@]23C)OC(C)=O)([C@@H]4C(C)=O)[C@]5(CC4)[C@@]1(CC[C@@]2([H])C[C@@H](O[C@@](O[C@H](C)[C@H]6O[C@@](O[C@H](C)[C@@H](O)[C@H]7OC)([H])[C@@H]7O)([H])C[C@H]6OC)CC3)O5
np_906	Eclalbasaponin I	C42H68O14	10.3073	OC[C@H]([C@@H](O)[C@H](O)[C@H]1O)O[C@H]1OC([C@]23[C@](CC(C)(C)CC3)([H])C4=CC[C@@]([C@@]5([C@@](C(C)([C@@H](O[C@]6([H])O[C@@H]([C@@H](O)[C@H](O)[C@H]6O)CO)CC5)C)([H])CC7)C)([H])[C@]7(C)[C@]4(C)C[C@H]2O)=O
np_907	Gypenoside L	C42H72O14	13.1124	C[C@]12[C@]3([C@@]([C@@H](C[C@]1([H])[C@@]4([C@@](C(C)([C@H]([C@@H](C4)O)O[C@H]5[C@@H]([C@H]([C@@H]([C@H](O5)CO)O)O)O[C@@H]6O[C@@H]([C@H]([C@@H]([C@H]6O)O)O)CO)C)([H])CC2)C)O)([H])[C@@](CC3)([H])[C@@](C)(O)CC/C=C(C)\C)C
np_908	Gypenoside LI	C42H72O14	13.2684	C[C@]12[C@]3([C@@]([C@@H](C[C@]1([H])[C@@]4([C@@](C(C)([C@H]([C@@H](C4)O)O[C@H]5[C@@H]([C@H]([C@@H]([C@H](O5)CO)O)O)O[C@@H]6O[C@@H]([C@H]([C@@H]([C@H]6O)O)O)CO)C)([H])CC2)C)O)([H])[C@@](CC3)([H])[C@](C)(O)CC/C=C(C)\C)C
np_910	Ginsenoside Rg1	C42H72O14	8.3209	[H][C@]12C(C)(C)[C@@H](O)CC[C@]1(C)[C@]3([H])[C@@]([C@@](CC[C@]4([H])[C@@](CC/C=C(C)/C)(C)O[C@@H]5O[C@H](CO)[C@@H](O)[C@H](O)[C@H]5O)(C)[C@]4([H])[C@H](O)C3)(C)C[C@@H]2O[C@]6([H])O[C@H](CO)[C@@H](O)[C@H](O)[C@H]6O
np_911	Mogroside IIA1	C42H72O14	10.5771	C[C@]12[C@@]3([H])[C@]([C@@]4([H])C(C(C)([C@@H](O)CC4)C)=CC3)([C@H](O)C[C@@]1([C@]([C@H](C)CC[C@H](C(C)(O)C)O[C@@H]5O[C@@H]([C@@H](O)[C@H](O)[C@H]5O)CO[C@@H]6O[C@@H]([C@@H](O)[C@H](O)[C@H]6O)CO)([H])CC2)C)C
np_912	Mogroside IIe	C42H72O14	9.4908	C[C@]12[C@](CC=C3[C@@]2([H])CC[C@H](O[C@]4([H])O[C@@H]([C@@H](O)[C@H](O)[C@H]4O)CO)C3(C)C)([H])[C@]5([C@@](C)([C@]([C@H](C)CC[C@H](C(C)(O)C)O[C@@H]6O[C@@H]([C@@H](O)[C@H](O)[C@H]6O)CO)([H])CC5)C[C@H]1O)C
np_913	Stevioside	C38H60O18	9.6845	C[C@]([C@]1([H])CC2)(CCC[C@@]1(C)C(O[C@@H]([C@@H]([C@@H](O)[C@@H]3O)O)O[C@@H]3CO)=O)[C@@]4([H])[C@]2(CC5=C)C[C@@]5(O[C@@](O[C@H](CO)[C@@H](O)[C@@H]6O)([H])[C@@H]6O[C@]([C@@H]([C@@H](O)[C@@H]7O)O)([H])O[C@@H]7CO)CC4
np_914	7-Epi 10-desacetyl paclitaxel	C45H49NO13	14.3148	O=C(N[C@@H](C1=CC=CC=C1)[C@@H](O)C(O[C@H]2C[C@@](O)([C@@H](OC(C3=CC=CC=C3)=O)[C@@]4([H])[C@@]5(C)[C@H](O)C[C@]6([H])[C@@]4(OC(C)=O)CO6)C(C)(C)C([C@@H](O)C5=O)=C2C)=O)C7=CC=CC=C7
np_915	10-Deacetyltaxol	C45H49NO13	13.1138	CC(O[C@]12[C@@]([C@]3([C@@H](O)C[C@@]1([H])OC2)C)([H])[C@@H]([C@]4(C(C)(C([C@@H](O)C3=O)=C(C)[C@@H](OC([C@H](O)[C@H](C5=CC=CC=C5)NC(C6=CC=CC=C6)=O)=O)C4)C)O)OC(C7=CC=CC=C7)=O)=O
np_916	Crocin II	C38H54O19	8.4281	O[C@@H]([C@H](O)[C@H]1O)[C@H](O[C@H]1OC(/C(C)=C/C=C/C(C)=C/C=C/C=C(C)/C=C/C=C(C)/C(O[C@@H]([C@@H]([C@@H](O)[C@@H]2O)O)O[C@@H]2CO)=O)=O)CO[C@@H]([C@@H]([C@@H](O)[C@@H]3O)O)O[C@@H]3CO
np_917	Tenacissoside I	C44H62O14	14.7564	C[C@@]([C@@H]([C@@H](OC(C1=CC=CC=C1)=O)[C@]2([H])[C@]34C)OC(C)=O)([C@@H]5C(C)=O)[C@]6(CC5)[C@@]2(CC[C@@]3([H])C[C@@H](O[C@@](O[C@H](C)[C@H]7O[C@@](O[C@H](C)[C@@H](O)[C@H]8OC)([H])[C@@H]8O)([H])C[C@H]7OC)CC4)O6
np_918	Glycyrrhizic acid	C42H62O16	11.5132	C[C@]12[C@@](C(C=C3[C@]2(CC[C@]4(C)[C@@]3([H])C[C@](C(O)=O)(C)CC4)C)=O)([H])[C@@]5([C@@](C(C)([C@@H](O[C@]6([H])[C@@H]([C@H]([C@H](O)[C@@H](C(O)=O)O6)O)O[C@]7([H])O[C@@H]([C@@H](O)[C@H](O)[C@H]7O)C(O)=O)CC5)C)([H])CC1)C
np_919	Astragaloside II	C43H70O15	12.0789	O[C@H]1[C@H](O)[C@@H](OC(C)=O)[C@]([H])(O[C@@H]2C(C)(C)[C@@]([C@@H](O[C@]3([H])O[C@H](CO)[C@@H](O)[C@H](O)[C@H]3O)C[C@]4([H])[C@@]56CC[C@@]7(C)[C@@]4(C)C[C@H](O)[C@@]7([C@]8(C)O[C@H](C(O)(C)C)CC8)[H])([H])[C@]5(C6)CC2)OC1
np_920	Cephalomannine	C45H53NO14	13.9998	O=C(/C(C)=C/C)N[C@@H](C1=CC=CC=C1)[C@H](C(O[C@@H]2C(C)=C([C@@H](OC(C)=O)C([C@@]3(C)[C@]([C@](OC(C)=O)(CO4)[C@H]4C[C@@H]3O)([H])[C@@H]5OC(C6=CC=CC=C6)=O)=O)C(C)(C)[C@@]5(O)C2)=O)O
np_921	Cabazitaxel	C45H57NO14	15.9019	CC1=C([C@@H](OC)C([C@@]2(C)[C@@]3([H])[C@](OC(C)=O)(CO4)[C@H]4C[C@@H]2OC)=O)C(C)(C)[C@@]([C@H]3OC(C5=CC=CC=C5)=O)(O)C[C@@H]1OC([C@H](O)[C@H](C6=CC=CC=C6)NC(OC(C)(C)C)=O)=O
np_922	Epimedin A1	C39H50O20	8.7653	O[C@H]1[C@H](O)[C@@H](O)[C@H](OC2=CC(O)=C(C(C(O[C@H]3[C@H](O)[C@H](O[C@@]4([H])[C@H](O)[C@@H](O)[C@H](O)[C@@H](CO)O4)[C@@H](O)[C@H](C)O3)=C(C5=CC=C(OC)C=C5)O6)=O)C6=C2C/C=C(C)/C)O[C@@H]1CO
np_923	Licoricesaponin G2	C42H62O17	10.9642	C[C@@]1([C@@]2([H])[C@@]3([C@@]([C@](C)([C@@H](O[C@@]4([H])[C@@H]([C@H]([C@H](O)[C@@H](C(O)=O)O4)O)O[C@]5([H])O[C@@H]([C@@H](O)[C@H](O)[C@H]5O)C(O)=O)CC3)CO)([H])CC1)C)[C@]6(C([C@@]7([H])[C@](C)(CC[C@@](C(O)=O)(C)C7)CC6)=CC2=O)C
np_925	Paclitaxel	C47H51NO14	14.3266	O=C(C1=CC=CC=C1)N[C@@H](C2=CC=CC=C2)[C@H](C(O[C@@H]3C(C)=C([C@@H](OC(C)=O)C([C@@]4(C)[C@]([C@@](CO5)(OC(C)=O)[C@@]5([H])C[C@@H]4O)([H])[C@@H]6OC(C7=CC=CC=C7)=O)=O)C(C)(C)[C@@]6(O)C3)=O)O
np_926	7-epi-Taxol	C47H51NO14	15.4172	O[C@@H]1C[C@]2([H])[C@](CO2)(OC(C)=O)[C@]3([H])[C@]1(C)C([C@H](OC(C)=O)C4=C(C)[C@@H](OC([C@@H]([C@H](C5=CC=CC=C5)NC(C6=CC=CC=C6)=O)O)=O)C[C@]([C@H]3OC(C7=CC=CC=C7)=O)(O)C4(C)C)=O
np_928	Polyphyllin I	C44H70O16	14.9433	C[C@H](CC1)CO[C@]21O[C@@]3([H])C[C@@]4([H])[C@@]5([H])[C@]([C@](CC[C@H](O[C@]6([H])O[C@H](CO)[C@@H](O[C@]7([H])O[C@@H](CO)[C@H](O)[C@H]7O)[C@H](O)[C@H]6O[C@@]8([H])[C@H](O)[C@H](O)[C@@H](O)[C@H](C)O8)C9)(C)C9=CC5)([H])CC[C@]4(C)[C@@]3([H])[C@@H]2C
np_929	Cinnamtannin B-1	C45H36O18	5.7611	O[C@H]1[C@@H](C2=CC=C(O)C(O)=C2)OC3=C4C(O[C@]5(C6=CC=C(O)C(O)=C6)OC7=CC(O)=CC(O)=C7[C@@]4([H])[C@H]5O)=CC(O)=C3[C@@H]1C8=C9C(C[C@@H](O)[C@@H](C%10=CC=C(O)C(O)=C%10)O9)=C(O)C=C8O
np_930	Procyanidin C1	C45H38O18	5.7803	OC1=C2C(O[C@H](C3=CC(O)=C(O)C=C3)[C@H](O)[C@H]2C4=C5C(C[C@@H](O)[C@@H](C6=CC(O)=C(O)C=C6)O5)=C(O)C=C4O)=C([C@H]7C8=C(O)C=C(O)C=C8O[C@H](C9=CC(O)=C(O)C=C9)[C@@H]7O)C(O)=C1
np_931	Solamargine	C45H73NO15	8.6477	C[C@H](CC1)CN[C@]21O[C@@]3([H])C[C@@]4([H])[C@]5([H])CC=C6C[C@@H](O[C@@]7([H])[C@H](O[C@@]8([H])[C@H](O)[C@H](O)[C@@H](O)[C@H](C)O8)[C@@H](O)[C@H](O[C@]9([H])O[C@@H](C)[C@H](O)[C@@H](O)[C@H]9O)[C@@H](CO)O7)CC[C@]6(C)[C@@]5([H])CC[C@]4(C)[C@@]3([H])[C@@H]2C
np_932	α-Solanine	C45H73NO15	8.687	C[C@@]12[C@]3([H])[C@](N4[C@@](CC[C@H](C)C4)([H])[C@H]3C)([H])C[C@@]1([H])[C@@]5([H])[C@]([C@@]6(C(C[C@@H](O[C@@]7([H])[C@@H]([C@H]([C@@H](O)[C@@H](CO)O7)O[C@]8([H])O[C@@H]([C@@H](O)[C@H](O)[C@H]8O)CO)O[C@@]9([H])[C@@H]([C@@H]([C@@H](O)[C@H](C)O9)O)O)CC6)=CC5)C)([H])CC2
np_934	Dioscin	C45H72O16	14.7694	O[C@@H]1[C@@H](O)[C@H](C)O[C@@]([H])(O[C@H]2[C@H](O)[C@@H](O[C@]3([H])O[C@@H](C)[C@H](O)[C@@H](O)[C@H]3O)[C@@](O[C@@H]4CC5=CC[C@]([C@]([H])(C[C@@]6([H])[C@]7([H])[C@H](C)[C@]8(OC[C@H](C)CC8)O6)[C@]7(C)CC9)([H])[C@@]9([H])[C@@]5(C)CC4)([H])O[C@@H]2CO)[C@@H]1O
np_935	Thonningianin A	C42H34O21	12.3233	OC1=CC(C(OC[C@@H]2[C@@H]3[C@H](OC(C4=CC(O)=C(O)C(O)=C4)=O)[C@@H](O)[C@H](OC5=CC(O)=C(C(CCC6=CC=CC=C6)=O)C(O)=C5)O2)=O)=C(C7=C(C(O3)=O)C=C(O)C(O)=C7O)C(O)=C1O
np_936	Solasonine	C45H73NO16	8.4382	C[C@H](CC1)CN[C@]21O[C@@]3([H])C[C@@]4([H])[C@]5([H])CC=C6C[C@@H](O[C@@]7([H])[C@H](O[C@@]8([H])[C@H](O)[C@H](O)[C@@H](O)[C@H](C)O8)[C@@H](O[C@@]9([H])[C@H](O)[C@@H](O)[C@H](O)[C@@H](CO)O9)[C@@H](O)[C@@H](CO)O7)CC[C@]6(C)[C@@]5([H])CC[C@]4(C)[C@@]3([H])[C@@H]2C
np_938	Pennogenin 3-O-beta-chacotrioside	C45H72O17	12.6828	O[C@@]12[C@@]3([C@@]([C@@]4([H])[C@]([C@@]5(C(C[C@@H](O[C@@]6([H])[C@@H]([C@H]([C@H](O[C@@]7([H])[C@@H]([C@@H]([C@@H](O)[C@H](C)O7)O)O)[C@@H](CO)O6)O)O[C@@]8([H])[C@@H]([C@@H]([C@@H](O)[C@H](C)O8)O)O)CC5)=CC4)C)([H])CC3)([H])C[C@]1([H])O[C@]9(CC[C@@H](C)CO9)[C@H]2C)C
np_939	Deltonin	C45H72O17	14.5231	C[C@@]12[C@]([C@@H]3C)([H])[C@](O[C@]34CC[C@@H](C)CO4)([H])C[C@@]1([H])[C@@](CC=C5[C@@]6(CC[C@H](O[C@@](O[C@H](CO)[C@@H](O[C@]([C@@H]([C@@H](O)[C@@H]7O)O)([H])O[C@@H]7CO)[C@@H]8O)([H])[C@@H]8O[C@@](O[C@@H](C)[C@H](O)[C@H]9O)([H])[C@@H]9O)C5)C)([H])[C@]6([H])CC2
np_940	Gracillin	C45H72O17	14.8238	C[C@@]12[C@]([C@@H]3C)([H])[C@](O[C@]34CC[C@@H](C)CO4)([H])C[C@@]1([H])[C@@](CC=C5[C@@]6(CC[C@H](O[C@@](O[C@H](CO)[C@@H](O)[C@@H]7O[C@]([C@@H]([C@@H](O)[C@@H]8O)O)([H])O[C@@H]8CO)([H])[C@@H]7O[C@@](O[C@@H](C)[C@H](O)[C@H]9O)([H])[C@@H]9O)C5)C)([H])[C@]6([H])CC2
np_941	Hederacolchiside A1	C47H76O16	13.7727	C[C@]12[C@]3(C([C@@]4([H])[C@](C(O)=O)(CCC(C)(C)C4)CC3)=CC[C@]1([H])[C@@]5([C@@](C(C)([C@@H](O[C@@]6([H])[C@@H]([C@H]([C@@H](O[C@]7([H])O[C@@H]([C@@H](O)[C@H](O)[C@H]7O)CO)CO6)O)O[C@@]8([H])[C@@H]([C@@H]([C@@H](O)[C@H](C)O8)O)O)CC5)C)([H])CC2)C)C
np_942	Raddeanin A	C47H76O16	13.7893	C[C@@]1(CC[C@]2(C(O)=O)[C@@]3([H])CC(C)(C)CC2)C3=CC[C@@]4([H])[C@]1(CC[C@]5([H])[C@@]4(CC[C@H](O[C@@](OC[C@H](O)[C@@H]6O)([H])[C@@H]6O[C@@](O[C@H](CO)[C@@H](O)[C@@H]7O)([H])[C@@H]7O[C@@](O[C@@H](C)[C@H](O)[C@H]8O)([H])[C@@H]8O)C5(C)C)C)C
np_943	Bacopasaponin C	C46H74O17	11.7212	C[C@]12[C@@]34[C@@](CC[C@]1([H])[C@@]5([C@@](C(C)([C@@H](O[C@@]6([H])[C@@H]([C@H]([C@@H](O)CO6)O[C@]7([H])O[C@@H]([C@@H](O)[C@H](O)[C@H]7O)CO)O[C@]8([H])O[C@@H](CO)[C@H](O)[C@H]8O)CC5)C)([H])CC2)C)([H])[C@]9([H])[C@@](OC4)(OC[C@@H](/C=C(C)\C)[C@@]9(O)C)C3
np_945	Pulsatilla saponin D	C47H76O17	12.2255	C[C@]([C@@]1([H])[C@]2(CC[C@@H]3O[C@@](OC[C@H](O[C@]([C@@H]([C@@H](O)[C@@H]4O)O)([H])O[C@@H]4CO)[C@@H]5O)([H])[C@@H]5O[C@@](O[C@@H](C)[C@H](O)[C@H]6O)([H])[C@@H]6O)C)(CC[C@@]2([H])[C@]3(C)CO)[C@@](C7=CC1)(CC[C@]8(C(O)=O)[C@@]7([H])CC(C)(C)CC8)C
np_946	Gynostemma Extract	C47H80O17	12.5618	O[C@H]1[C@H](O)[C@@H](CO)O[C@@H](O[C@@H]2C(C)(C)[C@@](CC[C@]3(C)[C@]4([H])C[C@@H](O)[C@@]5([H])[C@@]3(C)CC[C@@H]5[C@](O[C@@H]6O[C@H](CO[C@@H]7OC[C@@H](O)[C@H](O)[C@H]7O)[C@@H](O)[C@H](O)[C@H]6O)(C)CC/C=C(C)\C)([H])[C@]4(C)CC2)[C@@H]1O
np_947	Timosaponin BII	C45H76O19	8.4598	C[C@@]1([C@]([C@@H]2C)([H])[C@](O[C@]2(O)CC[C@H](C)CO[C@@H]([C@@H]([C@@H](O)[C@@H]3O)O)O[C@@H]3CO)([H])C4)[C@]4([H])[C@@](CC[C@@]5([H])[C@@]6(CC[C@H](O[C@@](O[C@H](CO)[C@H](O)[C@@H]7O)([H])[C@@H]7O[C@]([C@@H]([C@@H](O)[C@@H]8O)O)([H])O[C@@H]8CO)C5)C)([H])[C@]6([H])CC1
np_949	Pseudoginsenoside RT1	C47H74O18	11.0977	O=C([C@]1(CCC(C)(C)C2)[C@]2([H])C3=CC[C@@]4([H])[C@@](C)(CC[C@]5([H])[C@@]4(CC[C@H](O[C@@](O[C@H](C(O)=O)[C@@H](O)[C@@H]6O)([H])[C@@H]6O[C@@](OC[C@@H](O)[C@@H]7O)([H])[C@@H]7O)C5(C)C)C)[C@]3(C)CC1)O[C@@H]([C@@H]([C@@H](O)[C@@H]8O)O)O[C@@H]8CO
np_951	10-Deacetyl-7-xylosyl paclitaxel	C50H57NO17	12.4475	CC(O[C@]([C@@]1([H])C[C@@H]2O[C@@](OC[C@@H](O)[C@@H]3O)([H])[C@@H]3O)(CO1)[C@]([C@@H]([C@]4(C(C)(C)C5=C(C)[C@@H](OC([C@H](O)[C@H](C6=CC=CC=C6)NC(C7=CC=CC=C7)=O)=O)C4)O)OC(C8=CC=CC=C8)=O)([H])[C@@]2(C([C@@H]5O)=O)C)=O
np_952	Ginsenoside Rd	C48H82O18	11.4854	C[C@](CC/C=C(C)/C)([C@]1([H])[C@]([C@H](O)C[C@@]2([H])[C@@]3(C)CC[C@]4([H])[C@]2(C)CC[C@H](O[C@]5([H])O[C@H](CO)[C@@H](O)[C@H](O)[C@H]5O[C@]6([H])O[C@H](CO)[C@@H](O)[C@H](O)[C@H]6O)C4(C)C)([H])[C@@]3(C)CC1)O[C@@H]7O[C@H](CO)[C@@H](O)[C@H](O)[C@H]7O
np_953	Ginsenoside Re	C48H82O18	8.3036	O[C@H]1[C@H](O)[C@@H](CO)O[C@@H](O[C@H]2C[C@]([C@@](CC[C@]3([H])[C@@](C)(O[C@@H]4O[C@H](CO)[C@@H](O)[C@H](O)[C@H]4O)CC/C=C(C)/C)(C)[C@]3([H])[C@H](O)C5)(C)[C@@]5([H])[C@]6(C)[C@]2([H])C(C)(C)[C@@H](O)CC6)[C@@H]1O[C@@H]7O[C@@H](C)[C@H](O)[C@@H](O)[C@H]7O
np_954	Geraniin	C41H28O27	5.506	O=C(OC[C@H](O[C@@H](OC(C1=CC(O)=C(O)C(O)=C1)=O)[C@H]2OC3=O)[C@H](OC(C(C4C5=C3C=C(O)C(O)=C5OC6(O)C4(O)O)=CC6=O)=O)[C@H]2O7)C8=CC(O)=C(O)C(O)=C8C9=C(O)C(O)=C(O)C=C9C7=O
np_956	Gypenoside XLVI	C48H82O19	10.9566	C[C@]12[C@@](C[C@H]([C@@]3([H])[C@]2(CC[C@]3([H])[C@@](CC/C=C(C)/C)(C)O[C@@H]4O[C@@H]([C@H]([C@@H]([C@H]4O)O)O)CO)C)O)([H])[C@@]5([C@@](C(C)([C@H]([C@@H](C5)O)O[C@H]6[C@@H]([C@H]([C@@H]([C@H](O6)CO)O)O)O[C@@H]7O[C@@H]([C@H]([C@@H]([C@H]7O)O)O)CO)C)([H])CC1)C
np_957	Mogroside III-A1	C48H82O19	9.7095	C[C@]12[C@@]3([H])[C@]([C@@]4([H])C(C(C)([C@@H](O)CC4)C)=CC3)([C@H](O)C[C@@]1([C@]([C@H](C)CC[C@H](C(C)(O)C)O[C@H]5[C@@H]([C@H]([C@H](O)[C@@H](CO[C@@H]6O[C@@H]([C@@H](O)[C@H](O)[C@H]6O)CO)O5)O)O[C@]7([H])O[C@@H]([C@@H](O)[C@H](O)[C@H]7O)CO)([H])CC2)C)C
np_959	Mogroside III	C48H82O19	8.838	C[C@@]([C@@](CC[C@H](O[C@]([C@@H]([C@@H](O)[C@@H]1O)O)([H])O[C@@H]1CO)C2(C)C)([H])C2=CC3)([C@@H](C[C@@]45C)O)[C@]3([H])[C@@]4(CC[C@]5([H])[C@H](C)CC[C@H](C(C)(O)C)O[C@@H]([C@@H]([C@@H](O)[C@@H]6O)O)O[C@@H]6CO[C@@H]([C@@H]([C@@H](O)[C@@H]7O)O)O[C@@H]7CO)C
np_960	Asiaticoside B	C48H78O20	8.3872	OC[C@H]([C@@H](O[C@@]1([H])[C@@H]([C@@H]([C@@H](O)[C@H](C)O1)O)O)[C@H](O)[C@H]2O)O[C@H]2OC[C@H]([C@@H](O)[C@H](O)[C@H]3O)O[C@H]3OC([C@]45[C@](CC(C)(C)CC5)([H])C6=CC[C@@]([C@@]7([C@@]([C@@](C)([C@@H](O)[C@H](O)C7)CO)([H])[C@H](O)C8)C)([H])[C@]8(C)[C@]6(C)CC4)=O
np_961	Gardenia yellow	C44H64O24	7.7885	C/C(=C\C=C\C=C(\C=C\C=C(\C(=O)O[C@@H]1O[C@@H]([C@H]([C@@H]([C@H]1O)O)O)CO[C@@H]2O[C@@H]([C@H]([C@@H]([C@H]2O)O)O)CO)/C)/C)/C=C/C=C(/C(=O)O[C@@H]3O[C@@H]([C@H]([C@@H]([C@H]3O)O)O)CO[C@@H]4O[C@@H]([C@H]([C@@H]([C@H]4O)O)O)CO)\C
np_962	Crocin	C44H64O24	7.7727	O[C@@H]([C@H](O)[C@H]1O)[C@H](O[C@H]1OC(/C(C)=C/C=C/C(C)=C/C=C/C=C(C)/C=C/C=C(C)/C(O[C@@H]([C@@H]([C@@H](O)[C@@H]2O)O)O[C@@H]2CO[C@@H]([C@@H]([C@@H](O)[C@@H]3O)O)O[C@@H]3CO)=O)=O)CO[C@@H]([C@@H]([C@@H](O)[C@@H]4O)O)O[C@@H]4CO
np_963	Lanatoside C	C49H76O20	9.8148	O[C@]([C@@](CC[C@@]1([H])[C@@]2(CC[C@H](O[C@@](O[C@H](C)[C@H]3O[C@@](O[C@H](C)[C@H]4O[C@@](O[C@H](C)[C@H]5O[C@]([C@@H]([C@@H](O)[C@@H]6O)O)([H])O[C@@H]6CO)([H])C[C@@H]5OC(C)=O)([H])C[C@@H]4O)([H])C[C@@H]3O)C1)C)([H])[C@]2([H])C[C@H]7O)(CC[C@@H]8C(CO9)=CC9=O)[C@]78C
np_964	Esculentoside H	C48H76O21	8.478	O=C([C@]1(CC[C@@](C(OC)=O)(C)C2)[C@]2([H])C3=CC[C@@]4([H])[C@@](C)(CC[C@]5([H])[C@@]4(C[C@H](O)[C@H](O[C@@](OC[C@@H](O[C@]([C@@H]([C@@H](O)[C@@H]6O)O)([H])O[C@@H]6CO)[C@@H]7O)([H])[C@@H]7O)[C@@]5(C)CO)C)[C@]3(C)CC1)O[C@@H]([C@@H]([C@@H](O)[C@@H]8O)O)O[C@@H]8CO
np_967	Terrestrosin D	C50H80O23	12.3758	C[C@@]12[C@]3([H])[C@](O[C@]4(CC[C@@H](C)CO4)[C@H]3C)([H])C[C@@]1([H])[C@@]5([H])[C@]([C@@]6([C@@](C[C@@H](O[C@]7([H])O[C@@H]([C@H](O[C@@]8([H])[C@@H]([C@H]([C@H](O)[C@@H](CO)O8)O[C@@]9([H])[C@@H]([C@H]([C@H](O)CO9)O)O)O[C@]%10([H])O[C@@H]([C@H](O)[C@H](O)[C@H]%10O)CO)[C@H](O)[C@H]7O)CO)CC6)([H])CC5)C)([H])CC2=O
np_968	Protodioscin	C51H84O22	8.9796	C[C@@]1([C@]([C@@H]2C)([H])[C@](O[C@]2(O)CC[C@@H](C)CO[C@@H]([C@@H]([C@@H](O)[C@@H]3O)O)O[C@@H]3CO)([H])C4)[C@]4([H])[C@@](CC=C5[C@@]6(CC[C@H](O[C@@](O[C@H](CO)[C@@H](O[C@@](O[C@@H](C)[C@H](O)[C@H]7O)([H])[C@@H]7O)[C@@H]8O)([H])[C@@H]8O[C@@](O[C@@H](C)[C@H](O)[C@H]9O)([H])[C@@H]9O)C5)C)([H])[C@]6([H])CC1
np_971	Protoneogracillin	C51H84O23	9.1508	C[C@@]12[C@](C[C@@]3([H])[C@]2([H])[C@@H]([C@](O)(O3)CC[C@H](C)CO[C@@H]4O[C@@H]([C@H]([C@@H]([C@H]4O)O)O)CO)C)([H])[C@@]5([H])[C@]([C@@]6(C(C[C@H](CC6)O[C@H]7[C@@H]([C@H]([C@@H]([C@H](O7)CO)O)O[C@@H]8O[C@@H]([C@H]([C@@H]([C@H]8O)O)O)CO)O[C@H]9[C@@H]([C@@H]([C@H]([C@@H](O9)C)O)O)O)=CC5)C)([H])CC1
np_972	Ardisiacrispin B	C53H86O22	10.8438	C[C@]12[C@]3(CC[C@@]4([H])[C@]2(CC[C@]5([H])[C@@]4(CC[C@@H](C5(C)C)O[C@H]6[C@@H]([C@H]([C@H](CO6)O[C@H]7[C@@H]([C@H]([C@@H]([C@H](O7)CO)O)O)O[C@H]8[C@@H]([C@@H]([C@H]([C@@H](O8)C)O)O)O)O)O[C@@H]9O[C@@H]([C@H]([C@@H]([C@H]9O)O)O)CO)C)C)[C@@]%10([H])[C@@]([C@@H](C1)O)(CC[C@@](C)(C%10)C=O)CO3
np_975	Ginsenoside Rc	C53H90O22	10.6764	C[C@](CC/C=C(C)/C)([C@]1([H])[C@]([C@H](O)C[C@@]2([H])[C@@]3(C)CC[C@]4([H])[C@]2(C)CC[C@H](O[C@]5([H])O[C@H](CO)[C@@H](O)[C@H](O)[C@H]5O[C@]6([H])O[C@H](CO)[C@@H](O)[C@H](O)[C@H]6O)C4(C)C)([H])[C@@]3(C)CC1)O[C@@H]7O[C@H](CO[C@@H]8O[C@@H](CO)[C@H](O)[C@H]8O)[C@@H](O)[C@H](O)[C@H]7O
np_976	Ginsenoside Rb3	C53H90O22	10.9424	C[C@]([C@@](C[C@H]1O)([H])[C@]2(CC[C@@H]3O[C@@](O[C@H](CO)[C@@H](O)[C@@H]4O)([H])[C@@H]4O[C@]([C@@H]([C@@H](O)[C@@H]5O)O)([H])O[C@@H]5CO)C)(CC[C@@]2([H])C3(C)C)[C@]6([C@@]1([H])[C@]([C@@](CC/C=C(C)/C)(C)O[C@@H]([C@@H]([C@@H](O)[C@@H]7O)O)O[C@@H]7CO[C@H](OC[C@@H](O)[C@@H]8O)[C@@H]8O)([H])CC6)C
np_978	Ginsenoside Rb1	C54H92O23	10.4384	C[C@@]([C@@]12C)(CC[C@@]3([H])C4(C)C)[C@@](C[C@@H](O)[C@]1([H])[C@]([C@@](CC/C=C(C)/C)(C)O[C@@H]([C@@H]([C@@H](O)[C@@H]5O)O)O[C@@H]5CO[C@@H]([C@@H]([C@@H](O)[C@@H]6O)O)O[C@@H]6CO)([H])CC2)([H])[C@]3(CC[C@@H]4O[C@@](O[C@H](CO)[C@@H](O)[C@@H]7O)([H])[C@@H]7O[C@]([C@@H]([C@@H](O)[C@@H]8O)O)([H])O[C@@H]8CO)C
np_980	Mogroside IV-E	C54H92O24	8.5745	C[C@]12[C@](CC=C3[C@@]2([H])CC[C@H](O[C@]4([H])O[C@@H]([C@@H](O)[C@H](O)[C@H]4O)CO[C@@H]5O[C@@H]([C@@H](O)[C@H](O)[C@H]5O)CO)C3(C)C)([H])[C@]6([C@@](C)([C@]([C@H](C)CC[C@H](C(C)(O)C)O[C@H]7[C@@H]([C@H]([C@H](O)[C@@H](CO)O7)O)O[C@]8([H])O[C@@H]([C@@H](O)[C@H](O)[C@H]8O)CO)([H])CC6)C[C@H]1O)C
np_981	Mogroside IV-A	C54H92O24	8.4062	C[C@]12[C@](CC=C3[C@@]2([H])CC[C@H](O[C@]4([H])O[C@@H]([C@@H](O)[C@H](O)[C@H]4O)CO[C@@H]5O[C@@H]([C@@H](O)[C@H](O)[C@H]5O)CO)C3(C)C)([H])[C@]6([C@@](C)([C@]([C@H](C)CC[C@H](C(C)(O)C)O[C@@H]7O[C@@H]([C@@H](O)[C@H](O)[C@H]7O)CO[C@@H]8O[C@@H]([C@@H](O)[C@H](O)[C@H]8O)CO)([H])CC6)C[C@H]1O)C
np_982	Mogroside IV	C54H92O24	8.5845	CC(O)(C)[C@H](O[C@@H]1O[C@H](CO)[C@@H](O)[C@H](O)[C@H]1O[C@@H]2O[C@H](CO)[C@@H](O)[C@H](O)[C@H]2O)CC[C@@H](C)[C@H]3CC[C@@]4(C)[C@@]5([H])CC=C6C(C)(C)[C@@H](O[C@H]7[C@H](O)[C@@H](O)[C@H](O)[C@@H](CO[C@H]8[C@H](O)[C@@H](O)[C@H](O)[C@@H](CO)O8)O7)CC[C@@]6([H])[C@]5(C)[C@H](O)C[C@@]43C
np_983	Isoescin IB	C55H86O24	12.5166	CC(OC[C@]1([C@H]2O)[C@](CC(C)(C)[C@H]2OC(/C(C)=C\C)=O)([H])C3=CC[C@@]4([H])[C@@](C)(CC[C@]5([H])[C@@]4(CC[C@H](O[C@@](O[C@H](C(O)=O)[C@@H](O[C@]([C@@H]([C@@H](O)[C@@H]6O)O)([H])O[C@@H]6CO)[C@@H]7O)([H])[C@@H]7O[C@]([C@@H]([C@@H](O)[C@@H]8O)O)([H])O[C@@H]8CO)[C@]5(C)CO)C)[C@]3(C)C[C@H]1O)=O
np_984	Escin IA	C55H86O24	11.8818	OC[C@]1([C@H]2OC(C)=O)[C@](CC(C)(C)[C@H]2OC(/C(C)=C/C)=O)([H])C3=CC[C@@]4([H])[C@@](C)(CC[C@]5([H])[C@@]4(CC[C@H](O[C@@](O[C@H](C(O)=O)[C@@H](O[C@]([C@@H]([C@@H](O)[C@@H]6O)O)([H])O[C@@H]6CO)[C@@H]7O)([H])[C@@H]7O[C@]([C@@H]([C@@H](O)[C@@H]8O)O)([H])O[C@@H]8CO)[C@]5(C)CO)C)[C@]3(C)C[C@H]1O
np_985	Pulchinenoside C	C59H96O26	9.26	O=C([C@]1(CC[C@H]2C(C)=C)[C@@]2([H])[C@](CC[C@@]3([H])[C@]4(CC[C@]5([H])[C@@]3(CC[C@H](O[C@@](OC[C@H](O)[C@@H]6O)([H])[C@@H]6O[C@@](O[C@@H](C)[C@H](O)[C@H]7O)([H])[C@@H]7O)[C@@]5(C)CO)C)C)([H])[C@@]4(C)CC1)O[C@@H]([C@@H]([C@@H](O)[C@@H]8O)O)O[C@@H]8CO[C@@H]([C@@H]([C@@H](O)[C@@H]9O[C@@](O[C@@H](C)[C@H](O)[C@H]%10O)([H])[C@@H]%10O)O)O[C@@H]9CO
np_986	Digitonin	C56H92O29	11.6229	C[C@@]12[C@]([C@@H]3C)([H])[C@](O[C@]34CC[C@@H](C)CO4)([H])[C@@H](O)[C@@]1([H])[C@@](CC[C@]5([H])[C@@]6(C[C@@H](O)[C@H](O[C@]([C@@H]([C@@H](O)[C@H]7O[C@@](O[C@H](CO)[C@@H](O)[C@@H]8O[C@@](OC[C@@H](O)[C@@H]9O)([H])[C@@H]9O)([H])[C@@H]8O[C@@](O[C@H](CO)[C@H](O)[C@@H]%10O[C@]([C@@H]([C@@H](O)[C@@H]%11O)O)([H])O[C@@H]%11CO)([H])[C@@H]%10O)O)([H])O[C@@H]7CO)C5)C)([H])[C@]6([H])CC2
np_987	Ginsenoside Ra3	C59H100O27	10.3764	CC12C3(C(C(O)CC1C4(C(C(C)(C(OC5C(C(C(O)C(CO)O5)O)OC6OC(C(O)C(O)C6O)CO)CC4)C)CC2)C)C(C(CC/C=C(C)/C)(C)OC7OC(C(O)C(O)C7O)COC8C(C(C(O)C(CO)O8)OC9C(C(C(O)CO9)O)O)O)CC3)C
np_988	Mogroside V	C60H102O29	8.0581	C[C@@]([C@@](CC[C@H](O[C@]([C@@H]([C@@H](O)[C@@H]1O)O)([H])O[C@@H]1CO[C@@H]([C@@H]([C@@H](O)[C@@H]2O)O)O[C@@H]2CO)C3(C)C)([H])C3=CC4)([C@@H](C[C@@]56C)O)[C@]4([H])[C@@]5(CC[C@]6([H])[C@H](C)CC[C@H](C(C)(O)C)O[C@H](O[C@H](CO[C@@H]([C@@H]([C@@H](O)[C@@H]7O)O)O[C@@H]7CO)[C@@H](O)[C@@H]8O)[C@@H]8O[C@]([C@@H]([C@@H](O)[C@@H]9O)O)([H])O[C@@H]9CO)C
np_989	Tubeimoside I	C63H98O29	10.4873	O=C(O[C@H](OCC(O)[C@H]1O)[C@@H]1OC(OC(C)C(OC(CC(O)(CC(O[C@@H]2[C@H]3O)=O)C)=O)C4OC(OCC(O)C5O)C5O)C4O)C6(CCC(C)(C)C7)C7C8=CCC9C(C)(CCC%10C9(CC(O)C(OC(OC(CO)C(O)C%11O)C%11O[C@H](OC2)[C@@H]3O)C%10(C)CO)C)C8(C)CC6
np_990	Tubeimoside II	C63H98O30	9.6999	OC1C(C(OC(OCC(O)C2O)C2OC(OC(C)C(OC(CC(O)(CC(O3)=O)C)=O)C4OC(OCC(O)C5O)C5O)C4O)=O)(CCC(C)(C)C6)C6C7=CCC8C(C)(CCC9C8(CC(O)C(OC(OC(CO)C(O)C%10O)C%10OC(OCC3C%11O)C%11O)C9(C)CO)C)C7(C)C1
np_991	Tubeimoside III	C64H100O31	9.8234	O[C@H]1[C@@]23[C@](CC(C)(C)CC3)([H])C4=CC[C@@]([C@@]5([C@H]([C@@](C)([C@@H](O[C@@]6([H])[C@]([C@H]([C@H](O)[C@@H](CO)O6)O)([H])O[C@]7([H])O[C@@](COC(C[C@](C)(O)CC(O[C@]8([H])[C@@H](O[C@@]9([H])[C@@H]([C@H]([C@H](O)CO9)O)O)[C@@H](O)[C@](O[C@H]8C)([H])O[C@@]%10([H])[C@](OC[C@H](O)[C@@H]%10O)([H])OC2=O)=O)=O)([H])[C@@H](O)[C@H](O)[C@H]7O)[C@@H](O)C5)CO)CC%11)C)([H])[C@]%11(C)[C@]4(C)C1
np_992	Platycodin D2	C63H102O33	9.0837	O[C@H]([C@@H]([C@@H](O[C@@]1([H])[C@@H]([C@H]([C@H](O)CO1)O[C@@]2([H])[C@@H]([C@](CO)(O)CO2)O)O)[C@H](C)O3)O)[C@]3([H])O[C@H]([C@H]([C@@H](O)CO4)O)[C@@H]4OC([C@]56[C@](CC(C)(C)CC6)([H])C7=CC[C@@]([C@@]8([C@@](C(CO)([C@@H](O[C@@]9([H])[C@@H]([C@H]([C@H](O)[C@@H](CO)O9)O[C@]%10([H])O[C@@H]([C@@H](O)[C@H](O)[C@H]%10O)CO)O)[C@@H](O)C8)CO)([H])CC%11)C)([H])[C@]%11(C)[C@]7(C)C[C@H]5O)=O
np_993	Macranthoidin B	C65H106O32	9.3442	O=C([C@]1(CCC(C)(C)C2)[C@]2([H])C3=CC[C@@]4([H])[C@@](C)(CC[C@]5([H])[C@@]4(CC[C@H](O[C@@](OC[C@H](O)[C@@H]6O)([H])[C@@H]6O[C@@](O[C@@H](C)[C@H](O)[C@H]7O[C@]([C@@H]([C@@H](O)[C@@H]8O[C@]([C@@H]([C@@H](O)[C@@H]9O)O)([H])O[C@@H]9CO)O)([H])O[C@@H]8CO)([H])[C@@H]7O)[C@@]5(C)CO)C)[C@]3(C)CC1)O[C@@H]([C@@H]([C@@H](O)[C@@H]%10O)O)O[C@@H]%10CO[C@@H]([C@@H]([C@@H](O)[C@@H]%11O)O)O[C@@H]%11CO
